STATE_CODE,STATE_CODE_EXP,SHRP_ID,CONSTRUCTION_NO,LAYER_NO,LAYER_TYPE,LAYER_TYPE_EXP,PROJECT_LAYER_CODE,MATL_CODE_EXP,MATL_CODE,REPR_THICKNESS,DESCRIPTION,DESCRIPTION_EXP,THREE_PASSING,TWO_PASSING,ONE_AND_HALF_PASSING,ONE_PASSING,THREE_FOURTHS_PASSING,ONE_HALF_PASSING,THREE_EIGHTHS_PASSING,NO_4_PASSING,NO_10_PASSING,NO_40_PASSING,NO_80_PASSING,NO_200_PASSING,LIQUID_LIMIT,PLASTIC_LIMIT,PLASTICITY_INDEX,AASHTO_SOIL_CLASS_EXP,AASHTO_SOIL_CLASS,SPEC_GRAVITY,MAX_LAB_DRY_DENSITY,OPTIMUM_LAB_MOISTURE,RESILIENT_MODULUS,RESILIENT_MODULUS_K1,RESILIENT_MODULUS_K2,RESILIENT_MODULUS_K3,POISSONS_RATIO,HYDRAULIC_CONDUCTIVITY
4,Arizona,1001,1,1,SS,Subgrade (untreated),,Coarse-Grained Soil: Silty Sand with Gravel,215,,7,Subgrade,,,,,,,,,,,,,,,,,,,,,,,,,,
4,Arizona,1001,2,1,SS,Subgrade (untreated),,Coarse-Grained Soil: Silty Sand with Gravel,215,,7,Subgrade,,,,,,,,,,,,,,,,,,,,,,,,,,
4,Arizona,1002,1,1,SS,Subgrade (untreated),,Coarse-Grained Soil: Silty Gravel with Sand,265,,7,Subgrade,,,,,,,,,,,,,,,,,,,,,,,,,,
4,Arizona,1002,2,1,SS,Subgrade (untreated),,Coarse-Grained Soil: Silty Gravel with Sand,265,,7,Subgrade,,,,,,,,,,,,,,,,,,,,,,,,,,
4,Arizona,1002,3,1,SS,Subgrade (untreated),,Coarse-Grained Soil: Silty Gravel with Sand,265,,7,Subgrade,,,,,,,,,,,,,,,,,,,,,,,,,,
4,Arizona,1003,1,1,SS,Subgrade (untreated),,Coarse-Grained Soil: Clayey Sand with Gravel,217,,7,Subgrade,,,,,,,,,,,,,,,,,,,,,,,,,,
4,Arizona,1003,1,2,GB,Unbound (granular) base,,Soil-Aggregate Mixture (Predominantly Coarse-Grained),308,152.4,5,Base Layer,100,100,100,98.5,96,92.5,89,78.5,63,34.5,19,13.100000381469727,13,9,8,A-1-b,503,2.7070000171661377,2114.64,8,61.366,832.462,0.6579999923706055,-0.3499999940395355,0.3499999940395355,0.002303
4,Arizona,1003,2,1,SS,Subgrade (untreated),,Coarse-Grained Soil: Clayey Sand with Gravel,217,,7,Subgrade,,,,,,,,,,,,,,,,,,,,,,,,,,
4,Arizona,1003,2,2,GB,Unbound (granular) base,,Soil-Aggregate Mixture (Predominantly Coarse-Grained),308,152.4,5,Base Layer,100,100,100,98.5,96,92.5,89,78.5,63,34.5,19,13.100000381469727,13,9,8,A-1-b,503,2.7070000171661377,2114.64,8,61.366,832.462,0.6579999923706055,-0.3499999940395355,0.3499999940395355,0.002303
4,Arizona,1003,3,1,SS,Subgrade (untreated),,Coarse-Grained Soil: Clayey Sand with Gravel,217,,7,Subgrade,,,,,,,,,,,,,,,,,,,,,,,,,,
4,Arizona,1003,3,2,GB,Unbound (granular) base,,Soil-Aggregate Mixture (Predominantly Coarse-Grained),308,152.4,5,Base Layer,100,100,100,98.5,96,92.5,89,78.5,63,34.5,19,13.100000381469727,13,9,8,A-1-b,503,2.7070000171661377,2114.64,8,61.366,832.462,0.6579999923706055,-0.3499999940395355,0.3499999940395355,0.002303
4,Arizona,1003,4,1,SS,Subgrade (untreated),,Coarse-Grained Soil: Clayey Sand with Gravel,217,,7,Subgrade,,,,,,,,,,,,,,,,,,,,,,,,,,
4,Arizona,1003,4,2,GB,Unbound (granular) base,,Soil-Aggregate Mixture (Predominantly Coarse-Grained),308,152.4,5,Base Layer,100,100,100,98.5,96,92.5,89,78.5,63,34.5,19,13.100000381469727,13,9,8,A-1-b,503,2.7070000171661377,2114.64,8,61.366,832.462,0.6579999923706055,-0.3499999940395355,0.3499999940395355,0.002303
4,Arizona,1003,5,1,SS,Subgrade (untreated),,Coarse-Grained Soil: Clayey Sand with Gravel,217,,7,Subgrade,,,,,,,,,,,,,,,,,,,,,,,,,,
4,Arizona,1003,5,2,GB,Unbound (granular) base,,Soil-Aggregate Mixture (Predominantly Coarse-Grained),308,152.4,5,Base Layer,100,100,100,98.5,96,92.5,89,78.5,63,34.5,19,13.100000381469727,13,9,8,A-1-b,503,2.7070000171661377,2114.64,8,61.366,832.462,0.6579999923706055,-0.3499999940395355,0.3499999940395355,0.002303
4,Arizona,1003,6,1,SS,Subgrade (untreated),,Coarse-Grained Soil: Clayey Sand with Gravel,217,,7,Subgrade,,,,,,,,,,,,,,,,,,,,,,,,,,
4,Arizona,1003,6,2,GB,Unbound (granular) base,,Soil-Aggregate Mixture (Predominantly Coarse-Grained),308,152.4,5,Base Layer,100,100,100,98.5,96,92.5,89,78.5,63,34.5,19,13.100000381469727,13,9,8,A-1-b,503,2.7070000171661377,2114.64,8,61.366,832.462,0.6579999923706055,-0.3499999940395355,0.3499999940395355,0.002303
4,Arizona,1006,1,1,SS,Subgrade (untreated),,Coarse-Grained Soil: Clayey Sand with Gravel,217,,7,Subgrade,,,,,,,,,,,,,,,,,,,,,,,,,,
4,Arizona,1006,1,2,GB,Unbound (granular) base,,Soil-Aggregate Mixture (Predominantly Coarse-Grained),308,215.9,5,Base Layer,100,100,100,98,95.5,94,92,86,75.5,43.5,22,12.399999618530273,0,0,,A-1-b,503,2.7070000171661377,2050.56,8,41.37,420.817,0.621999979019165,-0.16099999845027924,0.3499999940395355,0.002303
4,Arizona,1006,2,1,SS,Subgrade (untreated),,Coarse-Grained Soil: Clayey Sand with Gravel,217,,7,Subgrade,,,,,,,,,,,,,,,,,,,,,,,,,,
4,Arizona,1006,2,2,GB,Unbound (granular) base,,Soil-Aggregate Mixture (Predominantly Coarse-Grained),308,215.9,5,Base Layer,100,100,100,98,95.5,94,92,86,75.5,43.5,22,12.399999618530273,0,0,,A-1-b,503,2.7070000171661377,2050.56,8,41.37,420.817,0.621999979019165,-0.16099999845027924,0.3499999940395355,0.002303
4,Arizona,1006,3,1,SS,Subgrade (untreated),,Coarse-Grained Soil: Clayey Sand with Gravel,217,,7,Subgrade,,,,,,,,,,,,,,,,,,,,,,,,,,
4,Arizona,1006,3,2,GB,Unbound (granular) base,,Soil-Aggregate Mixture (Predominantly Coarse-Grained),308,215.9,5,Base Layer,100,100,100,98,95.5,94,92,86,75.5,43.5,22,12.399999618530273,0,0,,A-1-b,503,2.7070000171661377,2050.56,8,41.37,420.817,0.621999979019165,-0.16099999845027924,0.3499999940395355,0.002303
4,Arizona,1006,4,1,SS,Subgrade (untreated),,Coarse-Grained Soil: Clayey Sand with Gravel,217,,7,Subgrade,,,,,,,,,,,,,,,,,,,,,,,,,,
4,Arizona,1006,4,2,GB,Unbound (granular) base,,Soil-Aggregate Mixture (Predominantly Coarse-Grained),308,215.9,5,Base Layer,100,100,100,98,95.5,94,92,86,75.5,43.5,22,12.399999618530273,0,0,,A-1-b,503,2.7070000171661377,2050.56,8,33.096,420.817,0.621999979019165,-0.16099999845027924,0.3499999940395355,0.002303
4,Arizona,1006,5,1,SS,Subgrade (untreated),,Coarse-Grained Soil: Clayey Sand with Gravel,217,,7,Subgrade,,,,,,,,,,,,,,,,,,,,,,,,,,
4,Arizona,1006,5,2,GB,Unbound (granular) base,,Soil-Aggregate Mixture (Predominantly Coarse-Grained),308,215.9,5,Base Layer,100,100,100,98,95.5,94,92,86,75.5,43.5,22,12.399999618530273,0,0,,A-1-b,503,2.7070000171661377,2050.56,8,33.096,420.817,0.621999979019165,-0.16099999845027924,0.3499999940395355,0.002303
4,Arizona,1006,6,1,SS,Subgrade (untreated),,Coarse-Grained Soil: Clayey Sand with Gravel,217,,7,Subgrade,,,,,,,,,,,,,,,,,,,,,,,,,,
4,Arizona,1006,6,2,GB,Unbound (granular) base,,Soil-Aggregate Mixture (Predominantly Coarse-Grained),308,215.9,5,Base Layer,100,100,100,98,95.5,94,92,86,75.5,43.5,22,12.399999618530273,0,0,,A-1-b,503,2.7070000171661377,2050.56,8,33.096,420.817,0.621999979019165,-0.16099999845027924,0.3499999940395355,0.002303
4,Arizona,1006,7,1,SS,Subgrade (untreated),,Coarse-Grained Soil: Clayey Sand with Gravel,217,,7,Subgrade,,,,,,,,,,,,,,,,,,,,,,,,,,
4,Arizona,1006,7,2,GB,Unbound (granular) base,,Soil-Aggregate Mixture (Predominantly Coarse-Grained),308,215.9,5,Base Layer,100,100,100,98,95.5,94,92,86,75.5,43.5,22,12.399999618530273,0,0,,A-1-b,503,2.7070000171661377,2050.56,8,,,,,0.3499999940395355,0.002303
4,Arizona,1007,1,1,SS,Subgrade (untreated),,Coarse-Grained Soil: Silty Sand with Gravel,215,,7,Subgrade,,,,,,,,,,,,,,,,,,,,,,,,,,
4,Arizona,1007,1,2,GB,Unbound (granular) base,,Crushed Gravel,304,274.32,5,Base Layer,100,100,100,95,90,84.5,81,72,52.5,21.5,11.5,7.400000095367432,0,0,,A-1-b,503,2.7070000171661377,2178.72,7,77.914,832.462,0.6579999923706055,-0.3499999940395355,0.3499999940395355,0.002303
4,Arizona,1007,2,1,SS,Subgrade (untreated),,Coarse-Grained Soil: Silty Sand with Gravel,215,,7,Subgrade,,,,,,,,,,,,,,,,,,,,,,,,,,
4,Arizona,1007,2,2,GB,Unbound (granular) base,,Crushed Gravel,304,274.32,5,Base Layer,100,100,100,95,90,84.5,81,72,52.5,21.5,11.5,7.400000095367432,0,0,,A-1-b,503,2.7070000171661377,2178.72,7,77.914,832.462,0.6579999923706055,-0.3499999940395355,0.3499999940395355,0.002303
4,Arizona,1007,3,1,SS,Subgrade (untreated),,Coarse-Grained Soil: Silty Sand with Gravel,215,,7,Subgrade,,,,,,,,,,,,,,,,,,,,,,,,,,
4,Arizona,1007,3,2,GB,Unbound (granular) base,,Crushed Gravel,304,274.32,5,Base Layer,100,100,100,95,90,84.5,81,72,52.5,21.5,11.5,7.400000095367432,0,0,,A-1-b,503,2.7070000171661377,2178.72,7,77.914,832.462,0.6579999923706055,-0.3499999940395355,0.3499999940395355,0.002303
4,Arizona,1007,4,1,SS,Subgrade (untreated),,Coarse-Grained Soil: Silty Sand with Gravel,215,,7,Subgrade,,,,,,,,,,,,,,,,,,,,,,,,,,
4,Arizona,1007,4,2,GB,Unbound (granular) base,,Crushed Gravel,304,274.32,5,Base Layer,100,100,100,95,90,84.5,81,72,52.5,21.5,11.5,7.400000095367432,0,0,,A-1-b,503,2.7070000171661377,2178.72,7,61.366,832.462,0.6579999923706055,-0.3499999940395355,0.3499999940395355,0.002303
4,Arizona,1007,5,1,SS,Subgrade (untreated),,Coarse-Grained Soil: Silty Sand with Gravel,215,,7,Subgrade,,,,,,,,,,,,,,,,,,,,,,,,,,
4,Arizona,1007,5,2,GB,Unbound (granular) base,,Crushed Gravel,304,274.32,5,Base Layer,100,100,100,95,90,84.5,81,72,52.5,21.5,11.5,7.400000095367432,0,0,,A-1-b,503,2.7070000171661377,2178.72,7,61.366,832.462,0.6579999923706055,-0.3499999940395355,0.3499999940395355,0.002303
4,Arizona,1015,1,1,SS,Subgrade (untreated),,Coarse-Grained Soil: Clayey Gravel with Sand,267,,7,Subgrade,,,,,,,,,,,,,,,,,,,,,,,,,,
4,Arizona,1015,1,2,GB,Unbound (granular) base,,Soil-Aggregate Mixture (Predominantly Coarse-Grained),308,,5,Base Layer,,,,,,,,,,,,,,,,A-1-b,503,,,,,,,,,
4,Arizona,1015,2,1,SS,Subgrade (untreated),,Coarse-Grained Soil: Clayey Gravel with Sand,267,,7,Subgrade,,,,,,,,,,,,,,,,,,,,,,,,,,
4,Arizona,1015,2,2,GB,Unbound (granular) base,,Soil-Aggregate Mixture (Predominantly Coarse-Grained),308,,5,Base Layer,,,,,,,,,,,,,,,,A-1-b,503,,,,,,,,,
4,Arizona,1016,1,1,SS,Subgrade (untreated),,Coarse-Grained Soil: Clayey Gravel with Sand,267,,7,Subgrade,,,,,,,,,,,,,,,,,,,,,,,,,,
4,Arizona,1016,1,2,GB,Unbound (granular) base,,Soil-Aggregate Mixture (Predominantly Coarse-Grained),308,,5,Base Layer,,,,,,,,,,,,,,,,A-1-a,502,,,,,,,,,
4,Arizona,1016,2,1,SS,Subgrade (untreated),,Coarse-Grained Soil: Clayey Gravel with Sand,267,,7,Subgrade,,,,,,,,,,,,,,,,,,,,,,,,,,
4,Arizona,1016,2,2,GB,Unbound (granular) base,,Soil-Aggregate Mixture (Predominantly Coarse-Grained),308,,5,Base Layer,,,,,,,,,,,,,,,,A-1-a,502,,,,,,,,,
4,Arizona,1016,3,1,SS,Subgrade (untreated),,Coarse-Grained Soil: Clayey Gravel with Sand,267,,7,Subgrade,,,,,,,,,,,,,,,,,,,,,,,,,,
4,Arizona,1016,3,2,GB,Unbound (granular) base,,Soil-Aggregate Mixture (Predominantly Coarse-Grained),308,,5,Base Layer,,,,,,,,,,,,,,,,A-1-a,502,,,,,,,,,
4,Arizona,1017,1,1,SS,Subgrade (untreated),,Coarse-Grained Soil: Clayey Gravel with Sand,267,,7,Subgrade,,,,,,,,,,,,,,,,,,,,,,,,,,
4,Arizona,1017,1,2,GB,Unbound (granular) base,,Soil-Aggregate Mixture (Predominantly Coarse-Grained),308,284.48,5,Base Layer,100,99,98.5,94,90.5,80.5,75,63,46,23.5,13.5,8.600000381469727,0,0,,A-1-a,502,2.6559998989105225,2130.66,7,96.53,901.966,0.625,-0.12300000339746475,0.3499999940395355,0.05054
4,Arizona,1017,2,1,SS,Subgrade (untreated),,Coarse-Grained Soil: Clayey Gravel with Sand,267,,7,Subgrade,,,,,,,,,,,,,,,,,,,,,,,,,,
4,Arizona,1017,2,2,GB,Unbound (granular) base,,Soil-Aggregate Mixture (Predominantly Coarse-Grained),308,284.48,5,Base Layer,100,99,98.5,94,90.5,80.5,75,63,46,23.5,13.5,8.600000381469727,0,0,,A-1-a,502,2.6559998989105225,2130.66,7,96.53,901.966,0.625,-0.12300000339746475,0.3499999940395355,0.05054
4,Arizona,1017,3,1,SS,Subgrade (untreated),,Coarse-Grained Soil: Clayey Gravel with Sand,267,,7,Subgrade,,,,,,,,,,,,,,,,,,,,,,,,,,
4,Arizona,1017,3,2,GB,Unbound (granular) base,,Soil-Aggregate Mixture (Predominantly Coarse-Grained),308,284.48,5,Base Layer,100,99,98.5,94,90.5,80.5,75,63,46,23.5,13.5,8.600000381469727,0,0,,A-1-a,502,2.6559998989105225,2130.66,7,96.53,901.966,0.625,-0.12300000339746475,0.3499999940395355,0.05054
4,Arizona,1017,4,1,SS,Subgrade (untreated),,Coarse-Grained Soil: Clayey Gravel with Sand,267,,7,Subgrade,,,,,,,,,,,,,,,,,,,,,,,,,,
4,Arizona,1017,4,2,GB,Unbound (granular) base,,Soil-Aggregate Mixture (Predominantly Coarse-Grained),308,284.48,5,Base Layer,100,99,98.5,94,90.5,80.5,75,63,46,23.5,13.5,8.600000381469727,0,0,,A-1-a,502,2.6559998989105225,2130.66,7,96.53,901.966,0.625,-0.12300000339746475,0.3499999940395355,0.05054
4,Arizona,1018,1,1,SS,Subgrade (untreated),,Coarse-Grained Soil: Clayey Gravel with Sand,267,,7,Subgrade,,,,,,,,,,,,,,,,,,,,,,,,,,
4,Arizona,1018,1,2,GB,Unbound (granular) base,,Soil-Aggregate Mixture (Predominantly Coarse-Grained),308,182.88,5,Base Layer,100,100,97.5,96,92.5,80,74.5,62.5,51.5,32.5,20,13.699999809265137,13,8,10,A-1-a,502,2.6559998989105225,2178.72,7,103.425,1049.475,0.2879999876022339,-0.15800000727176666,0.3499999940395355,0.05054
4,Arizona,1018,2,1,SS,Subgrade (untreated),,Coarse-Grained Soil: Clayey Gravel with Sand,267,,7,Subgrade,,,,,,,,,,,,,,,,,,,,,,,,,,
4,Arizona,1018,2,2,GB,Unbound (granular) base,,Soil-Aggregate Mixture (Predominantly Coarse-Grained),308,182.88,5,Base Layer,100,100,97.5,96,92.5,80,74.5,62.5,51.5,32.5,20,13.699999809265137,13,8,10,A-1-a,502,2.6559998989105225,2178.72,7,103.425,1049.475,0.2879999876022339,-0.15800000727176666,0.3499999940395355,0.05054
4,Arizona,1018,3,1,SS,Subgrade (untreated),,Coarse-Grained Soil: Clayey Gravel with Sand,267,,7,Subgrade,,,,,,,,,,,,,,,,,,,,,,,,,,
4,Arizona,1018,3,2,GB,Unbound (granular) base,,Soil-Aggregate Mixture (Predominantly Coarse-Grained),308,182.88,5,Base Layer,100,100,97.5,96,92.5,80,74.5,62.5,51.5,32.5,20,13.699999809265137,13,8,10,A-1-a,502,2.6559998989105225,2178.72,7,103.425,1049.475,0.2879999876022339,-0.15800000727176666,0.3499999940395355,0.05054
4,Arizona,1018,4,1,SS,Subgrade (untreated),,Coarse-Grained Soil: Clayey Gravel with Sand,267,,7,Subgrade,,,,,,,,,,,,,,,,,,,,,,,,,,
4,Arizona,1018,4,2,GB,Unbound (granular) base,,Soil-Aggregate Mixture (Predominantly Coarse-Grained),308,182.88,5,Base Layer,100,100,97.5,96,92.5,80,74.5,62.5,51.5,32.5,20,13.699999809265137,13,8,10,A-1-a,502,2.6559998989105225,2178.72,7,93.772,1049.475,0.2879999876022339,-0.15800000727176666,0.3499999940395355,0.05054
4,Arizona,1018,5,1,SS,Subgrade (untreated),,Coarse-Grained Soil: Clayey Gravel with Sand,267,,7,Subgrade,,,,,,,,,,,,,,,,,,,,,,,,,,
4,Arizona,1018,5,2,GB,Unbound (granular) base,,Soil-Aggregate Mixture (Predominantly Coarse-Grained),308,182.88,5,Base Layer,100,100,97.5,96,92.5,80,74.5,62.5,51.5,32.5,20,13.699999809265137,13,8,10,A-1-a,502,2.6559998989105225,2178.72,7,93.772,1049.475,0.2879999876022339,-0.15800000727176666,0.3499999940395355,0.05054
4,Arizona,1021,1,1,SS,Subgrade (untreated),,Coarse-Grained Soil: Silty Sand with Gravel,215,,7,Subgrade,,,,,,,,,,,,,,,,,,,,,,,,,,
4,Arizona,1021,1,2,GB,Unbound (granular) base,,Soil-Aggregate Mixture (Predominantly Coarse-Grained),308,213.36,5,Base Layer,100,100,100,99,96,90,85.5,72.5,59,41,24,11.5,0,0,,A-1-b,503,2.7070000171661377,2146.68,7,77.914,832.462,0.6579999923706055,-0.3499999940395355,0.3499999940395355,0.002303
4,Arizona,1021,2,1,SS,Subgrade (untreated),,Coarse-Grained Soil: Silty Sand with Gravel,215,,7,Subgrade,,,,,,,,,,,,,,,,,,,,,,,,,,
4,Arizona,1021,2,2,GB,Unbound (granular) base,,Soil-Aggregate Mixture (Predominantly Coarse-Grained),308,213.36,5,Base Layer,100,100,100,99,96,90,85.5,72.5,59,41,24,11.5,0,0,,A-1-b,503,2.7070000171661377,2146.68,7,77.914,832.462,0.6579999923706055,-0.3499999940395355,0.3499999940395355,0.002303
4,Arizona,1021,3,1,SS,Subgrade (untreated),,Coarse-Grained Soil: Silty Sand with Gravel,215,,7,Subgrade,,,,,,,,,,,,,,,,,,,,,,,,,,
4,Arizona,1021,3,2,GB,Unbound (granular) base,,Soil-Aggregate Mixture (Predominantly Coarse-Grained),308,213.36,5,Base Layer,100,100,100,99,96,90,85.5,72.5,59,41,24,11.5,0,0,,A-1-b,503,2.7070000171661377,2146.68,7,77.914,832.462,0.6579999923706055,-0.3499999940395355,0.3499999940395355,0.002303
4,Arizona,1021,4,1,SS,Subgrade (untreated),,Coarse-Grained Soil: Silty Sand with Gravel,215,,7,Subgrade,,,,,,,,,,,,,,,,,,,,,,,,,,
4,Arizona,1021,4,2,GB,Unbound (granular) base,,Soil-Aggregate Mixture (Predominantly Coarse-Grained),308,213.36,5,Base Layer,100,100,100,99,96,90,85.5,72.5,59,41,24,11.5,0,0,,A-1-b,503,2.7070000171661377,2146.68,7,77.914,832.462,0.6579999923706055,-0.3499999940395355,0.3499999940395355,0.002303
4,Arizona,1021,5,1,SS,Subgrade (untreated),,Coarse-Grained Soil: Silty Sand with Gravel,215,,7,Subgrade,,,,,,,,,,,,,,,,,,,,,,,,,,
4,Arizona,1021,5,2,GB,Unbound (granular) base,,Soil-Aggregate Mixture (Predominantly Coarse-Grained),308,213.36,5,Base Layer,100,100,100,99,96,90,85.5,72.5,59,41,24,11.5,0,0,,A-1-b,503,2.7070000171661377,2146.68,7,61.366,832.462,0.6579999923706055,-0.3499999940395355,0.3499999940395355,0.002303
4,Arizona,1021,6,1,SS,Subgrade (untreated),,Coarse-Grained Soil: Silty Sand with Gravel,215,,7,Subgrade,,,,,,,,,,,,,,,,,,,,,,,,,,
4,Arizona,1021,6,2,GB,Unbound (granular) base,,Soil-Aggregate Mixture (Predominantly Coarse-Grained),308,213.36,5,Base Layer,100,100,100,99,96,90,85.5,72.5,59,41,24,11.5,0,0,,A-1-b,503,2.7070000171661377,2146.68,7,61.366,832.462,0.6579999923706055,-0.3499999940395355,0.3499999940395355,0.002303
4,Arizona,1022,1,1,SS,Subgrade (untreated),,Coarse-Grained Soil: Silty Sand with Gravel,215,,7,Subgrade,,,,,,,,,,,,,,,,,,,,,,,,,,
4,Arizona,1022,1,2,GS,Unbound (granular) subbase,,Soil-Aggregate Mixture (Predominantly Coarse-Grained),308,,6,Subbase Layer,,,,,,,,,,,,,,,,A-1-b,503,,,,,,,,,
4,Arizona,1022,1,3,GB,Unbound (granular) base,,Soil-Aggregate Mixture (Predominantly Coarse-Grained),308,,5,Base Layer,,,,,,,,,,,,,,,,A-1-b,503,,,,,,,,,
4,Arizona,1022,2,1,SS,Subgrade (untreated),,Coarse-Grained Soil: Silty Sand with Gravel,215,,7,Subgrade,,,,,,,,,,,,,,,,,,,,,,,,,,
4,Arizona,1022,2,2,GS,Unbound (granular) subbase,,Soil-Aggregate Mixture (Predominantly Coarse-Grained),308,,6,Subbase Layer,,,,,,,,,,,,,,,,A-1-b,503,,,,,,,,,
4,Arizona,1022,2,3,GB,Unbound (granular) base,,Soil-Aggregate Mixture (Predominantly Coarse-Grained),308,,5,Base Layer,,,,,,,,,,,,,,,,A-1-b,503,,,,,,,,,
4,Arizona,1022,3,1,SS,Subgrade (untreated),,Coarse-Grained Soil: Silty Sand with Gravel,215,,7,Subgrade,,,,,,,,,,,,,,,,,,,,,,,,,,
4,Arizona,1022,3,2,GS,Unbound (granular) subbase,,Soil-Aggregate Mixture (Predominantly Coarse-Grained),308,,6,Subbase Layer,,,,,,,,,,,,,,,,A-1-b,503,,,,,,,,,
4,Arizona,1022,3,3,GB,Unbound (granular) base,,Soil-Aggregate Mixture (Predominantly Coarse-Grained),308,,5,Base Layer,,,,,,,,,,,,,,,,A-1-b,503,,,,,,,,,
4,Arizona,1022,4,1,SS,Subgrade (untreated),,Coarse-Grained Soil: Silty Sand with Gravel,215,,7,Subgrade,,,,,,,,,,,,,,,,,,,,,,,,,,
4,Arizona,1022,4,2,GS,Unbound (granular) subbase,,Soil-Aggregate Mixture (Predominantly Coarse-Grained),308,,6,Subbase Layer,,,,,,,,,,,,,,,,A-1-b,503,,,,,,,,,
4,Arizona,1022,4,3,GB,Unbound (granular) base,,Soil-Aggregate Mixture (Predominantly Coarse-Grained),308,,5,Base Layer,,,,,,,,,,,,,,,,A-1-b,503,,,,,,,,,
4,Arizona,1024,1,1,SS,Subgrade (untreated),,Coarse-Grained Soil: Clayey Sand with Gravel,217,,7,Subgrade,,,,,,,,,,,,,,,,,,,,,,,,,,
4,Arizona,1024,1,2,GB,Unbound (granular) base,,Crushed Gravel,304,,5,Base Layer,,,,,,,,,,,,,,,,A-2-6,508,,,,,,,,,
4,Arizona,1024,2,1,SS,Subgrade (untreated),,Coarse-Grained Soil: Clayey Sand with Gravel,217,,7,Subgrade,,,,,,,,,,,,,,,,,,,,,,,,,,
4,Arizona,1024,2,2,GB,Unbound (granular) base,,Crushed Gravel,304,,5,Base Layer,,,,,,,,,,,,,,,,A-2-6,508,,,,,,,,,
4,Arizona,1024,3,1,SS,Subgrade (untreated),,Coarse-Grained Soil: Clayey Sand with Gravel,217,,7,Subgrade,,,,,,,,,,,,,,,,,,,,,,,,,,
4,Arizona,1024,3,2,GB,Unbound (granular) base,,Crushed Gravel,304,,5,Base Layer,,,,,,,,,,,,,,,,A-2-6,508,,,,,,,,,
4,Arizona,1024,4,1,SS,Subgrade (untreated),,Coarse-Grained Soil: Clayey Sand with Gravel,217,,7,Subgrade,,,,,,,,,,,,,,,,,,,,,,,,,,
4,Arizona,1024,4,2,GB,Unbound (granular) base,,Crushed Gravel,304,,5,Base Layer,,,,,,,,,,,,,,,,A-2-6,508,,,,,,,,,
4,Arizona,1024,5,1,SS,Subgrade (untreated),,Coarse-Grained Soil: Clayey Sand with Gravel,217,,7,Subgrade,,,,,,,,,,,,,,,,,,,,,,,,,,
4,Arizona,1024,5,2,GB,Unbound (granular) base,,Crushed Gravel,304,,5,Base Layer,,,,,,,,,,,,,,,,A-2-6,508,,,,,,,,,
4,Arizona,1024,6,1,SS,Subgrade (untreated),,Coarse-Grained Soil: Clayey Sand with Gravel,217,,7,Subgrade,,,,,,,,,,,,,,,,,,,,,,,,,,
4,Arizona,1024,6,2,GB,Unbound (granular) base,,Crushed Gravel,304,,5,Base Layer,,,,,,,,,,,,,,,,A-2-6,508,,,,,,,,,
4,Arizona,1024,7,1,SS,Subgrade (untreated),,Coarse-Grained Soil: Clayey Sand with Gravel,217,,7,Subgrade,,,,,,,,,,,,,,,,,,,,,,,,,,
4,Arizona,1024,7,2,GB,Unbound (granular) base,,Crushed Gravel,304,,5,Base Layer,,,,,,,,,,,,,,,,A-2-6,508,,,,,,,,,
4,Arizona,1024,8,1,SS,Subgrade (untreated),,Coarse-Grained Soil: Clayey Sand with Gravel,217,,7,Subgrade,,,,,,,,,,,,,,,,,,,,,,,,,,
4,Arizona,1024,8,2,GB,Unbound (granular) base,,Crushed Gravel,304,,5,Base Layer,,,,,,,,,,,,,,,,A-2-6,508,,,,,,,,,
4,Arizona,1025,1,1,SS,Subgrade (untreated),,Coarse-Grained Soil: Silty Gravel with Sand,265,2133.6,7,Subgrade,100,97.5,93.5,87.5,82.5,68,61,46,36,29.5,26,18.299999237060547,19,0,,A-1-b,503,2.7070000171661377,2162.7,8,57.918,832.462,0.6579999923706055,-0.3499999940395355,0.3499999940395355,0.002303
4,Arizona,1025,1,2,GB,Unbound (granular) base,,Soil-Aggregate Mixture (Predominantly Coarse-Grained),308,,5,Base Layer,,,,,,,,,,,,,,,,A-1-a,502,,,,,,,,,
4,Arizona,1025,2,1,SS,Subgrade (untreated),,Coarse-Grained Soil: Silty Gravel with Sand,265,2133.6,7,Subgrade,100,97.5,93.5,87.5,82.5,68,61,46,36,29.5,26,18.299999237060547,19,0,,A-1-b,503,2.7070000171661377,2162.7,8,57.918,832.462,0.6579999923706055,-0.3499999940395355,0.3499999940395355,0.002303
4,Arizona,1025,2,2,GB,Unbound (granular) base,,Soil-Aggregate Mixture (Predominantly Coarse-Grained),308,,5,Base Layer,,,,,,,,,,,,,,,,A-1-a,502,,,,,,,,,
4,Arizona,1025,3,1,SS,Subgrade (untreated),,Coarse-Grained Soil: Silty Gravel with Sand,265,2133.6,7,Subgrade,100,97.5,93.5,87.5,82.5,68,61,46,36,29.5,26,18.299999237060547,19,0,,A-1-b,503,2.7070000171661377,2162.7,8,57.918,832.462,0.6579999923706055,-0.3499999940395355,0.3499999940395355,0.002303
4,Arizona,1025,3,2,GB,Unbound (granular) base,,Soil-Aggregate Mixture (Predominantly Coarse-Grained),308,,5,Base Layer,,,,,,,,,,,,,,,,A-1-a,502,,,,,,,,,
4,Arizona,1025,4,1,SS,Subgrade (untreated),,Coarse-Grained Soil: Silty Gravel with Sand,265,2133.6,7,Subgrade,100,97.5,93.5,87.5,82.5,68,61,46,36,29.5,26,18.299999237060547,19,0,,A-1-b,503,2.7070000171661377,2162.7,8,57.918,832.462,0.6579999923706055,-0.3499999940395355,0.3499999940395355,0.002303
4,Arizona,1025,4,2,GB,Unbound (granular) base,,Soil-Aggregate Mixture (Predominantly Coarse-Grained),308,,5,Base Layer,,,,,,,,,,,,,,,,A-1-a,502,,,,,,,,,
4,Arizona,1025,5,1,SS,Subgrade (untreated),,Coarse-Grained Soil: Silty Gravel with Sand,265,2133.6,7,Subgrade,100,97.5,93.5,87.5,82.5,68,61,46,36,29.5,26,18.299999237060547,19,0,,A-1-b,503,2.7070000171661377,2162.7,8,57.918,832.462,0.6579999923706055,-0.3499999940395355,0.3499999940395355,0.002303
4,Arizona,1025,5,2,GB,Unbound (granular) base,,Soil-Aggregate Mixture (Predominantly Coarse-Grained),308,,5,Base Layer,,,,,,,,,,,,,,,,A-1-a,502,,,,,,,,,
4,Arizona,1025,6,1,SS,Subgrade (untreated),,Coarse-Grained Soil: Silty Gravel with Sand,265,2133.6,7,Subgrade,100,97.5,93.5,87.5,82.5,68,61,46,36,29.5,26,18.299999237060547,19,0,,A-1-b,503,2.7070000171661377,2162.7,8,57.918,832.462,0.6579999923706055,-0.3499999940395355,0.3499999940395355,0.002303
4,Arizona,1025,6,2,GB,Unbound (granular) base,,Soil-Aggregate Mixture (Predominantly Coarse-Grained),308,,5,Base Layer,,,,,,,,,,,,,,,,A-1-a,502,,,,,,,,,
4,Arizona,1025,7,1,SS,Subgrade (untreated),,Coarse-Grained Soil: Silty Gravel with Sand,265,2133.6,7,Subgrade,100,97.5,93.5,87.5,82.5,68,61,46,36,29.5,26,18.299999237060547,19,0,,A-1-b,503,2.7070000171661377,2162.7,8,57.918,832.462,0.6579999923706055,-0.3499999940395355,0.3499999940395355,0.002303
4,Arizona,1025,7,2,GB,Unbound (granular) base,,Soil-Aggregate Mixture (Predominantly Coarse-Grained),308,,5,Base Layer,,,,,,,,,,,,,,,,A-1-a,502,,,,,,,,,
4,Arizona,1034,1,1,SS,Subgrade (untreated),,Coarse-Grained Soil: Silty Sand with Gravel,215,,7,Subgrade,,,,,,,,,,,,,,,,,,,,,,,,,,
4,Arizona,1034,1,2,GB,Unbound (granular) base,,Soil-Aggregate Mixture (Predominantly Coarse-Grained),308,281.94,5,Base Layer,100,100,100,99.5,96.5,88.5,85,76,59,29.5,11,5.599999904632568,0,0,,A-1-b,503,2.7070000171661377,2098.62,8,115.836,832.462,0.6579999923706055,-0.3499999940395355,0.3499999940395355,0.002303
4,Arizona,1034,2,1,SS,Subgrade (untreated),,Coarse-Grained Soil: Silty Sand with Gravel,215,,7,Subgrade,,,,,,,,,,,,,,,,,,,,,,,,,,
4,Arizona,1034,2,2,GB,Unbound (granular) base,,Soil-Aggregate Mixture (Predominantly Coarse-Grained),308,281.94,5,Base Layer,100,100,100,99.5,96.5,88.5,85,76,59,29.5,11,5.599999904632568,0,0,,A-1-b,503,2.7070000171661377,2098.62,8,115.836,832.462,0.6579999923706055,-0.3499999940395355,0.3499999940395355,0.002303
4,Arizona,1034,3,1,SS,Subgrade (untreated),,Coarse-Grained Soil: Silty Sand with Gravel,215,,7,Subgrade,,,,,,,,,,,,,,,,,,,,,,,,,,
4,Arizona,1034,3,2,GB,Unbound (granular) base,,Soil-Aggregate Mixture (Predominantly Coarse-Grained),308,281.94,5,Base Layer,100,100,100,99.5,96.5,88.5,85,76,59,29.5,11,5.599999904632568,0,0,,A-1-b,503,2.7070000171661377,2098.62,8,115.836,832.462,0.6579999923706055,-0.3499999940395355,0.3499999940395355,0.002303
4,Arizona,1034,4,1,SS,Subgrade (untreated),,Coarse-Grained Soil: Silty Sand with Gravel,215,,7,Subgrade,,,,,,,,,,,,,,,,,,,,,,,,,,
4,Arizona,1034,4,2,GB,Unbound (granular) base,,Soil-Aggregate Mixture (Predominantly Coarse-Grained),308,281.94,5,Base Layer,100,100,100,99.5,96.5,88.5,85,76,59,29.5,11,5.599999904632568,0,0,,A-1-b,503,2.7070000171661377,2098.62,8,115.836,832.462,0.6579999923706055,-0.3499999940395355,0.3499999940395355,0.002303
4,Arizona,1034,5,1,SS,Subgrade (untreated),,Coarse-Grained Soil: Silty Sand with Gravel,215,,7,Subgrade,,,,,,,,,,,,,,,,,,,,,,,,,,
4,Arizona,1034,5,2,GB,Unbound (granular) base,,Soil-Aggregate Mixture (Predominantly Coarse-Grained),308,281.94,5,Base Layer,100,100,100,99.5,96.5,88.5,85,76,59,29.5,11,5.599999904632568,0,0,,A-1-b,503,2.7070000171661377,2098.62,8,77.914,832.462,0.6579999923706055,-0.3499999940395355,0.3499999940395355,0.002303
4,Arizona,1036,1,1,SS,Subgrade (untreated),,Coarse-Grained Soil: Clayey Sand with Gravel,217,,7,Subgrade,,,,,,,,,,,,,,,,,,,,,,,,,,
4,Arizona,1036,1,2,GB,Unbound (granular) base,,Soil-Aggregate Mixture (Predominantly Coarse-Grained),308,472.44,5,Base Layer,100,100,100,98.5,96,90.5,85,70,53,25,12.5,8.699999809265137,0,0,,A-1-b,503,2.7070000171661377,2114.64,7,115.836,832.462,0.6579999923706055,-0.3499999940395355,0.3499999940395355,0.002303
4,Arizona,1036,2,1,SS,Subgrade (untreated),,Coarse-Grained Soil: Clayey Sand with Gravel,217,,7,Subgrade,,,,,,,,,,,,,,,,,,,,,,,,,,
4,Arizona,1036,2,2,GB,Unbound (granular) base,,Soil-Aggregate Mixture (Predominantly Coarse-Grained),308,472.44,5,Base Layer,100,100,100,98.5,96,90.5,85,70,53,25,12.5,8.699999809265137,0,0,,A-1-b,503,2.7070000171661377,2114.64,7,115.836,832.462,0.6579999923706055,-0.3499999940395355,0.3499999940395355,0.002303
4,Arizona,1037,1,1,SS,Subgrade (untreated),,Coarse-Grained Soils: Poorly Graded Sand with Silt and Gravel,205,,7,Subgrade,,,,,,,,,,,,,,,,,,,,,,,,,,
4,Arizona,1037,1,2,GB,Unbound (granular) base,,Soil-Aggregate Mixture (Predominantly Coarse-Grained),308,408.94,5,Base Layer,100,100,100,99.5,97,86,76.5,62,43,23.5,12.5,8.800000190734863,0,0,,A-1-a,502,2.6559998989105225,2114.64,8,204.092,901.966,0.625,-0.12300000339746475,0.3499999940395355,0.05054
4,Arizona,1037,2,1,SS,Subgrade (untreated),,Coarse-Grained Soils: Poorly Graded Sand with Silt and Gravel,205,,7,Subgrade,,,,,,,,,,,,,,,,,,,,,,,,,,
4,Arizona,1037,2,2,GB,Unbound (granular) base,,Soil-Aggregate Mixture (Predominantly Coarse-Grained),308,408.94,5,Base Layer,100,100,100,99.5,97,86,76.5,62,43,23.5,12.5,8.800000190734863,0,0,,A-1-a,502,2.6559998989105225,2114.64,8,141.348,901.966,0.625,-0.12300000339746475,0.3499999940395355,0.05054
4,Arizona,1062,1,1,SS,Subgrade (untreated),,Coarse-Grained Soil: Clayey Gravel with Sand,267,1371.6,7,Subgrade,100,96,93.5,88.5,84.5,78,72,58,45.5,29.5,19.5,12.399999618530273,19,12,13,A-2-6,508,2.694000005722046,1634.04,17,60.676,695.765,0.2809999883174896,-0.33000001311302185,0.3499999940395355,0.0000077
4,Arizona,1062,2,1,SS,Subgrade (untreated),,Coarse-Grained Soil: Clayey Gravel with Sand,267,1371.6,7,Subgrade,100,96,93.5,88.5,84.5,78,72,58,45.5,29.5,19.5,12.399999618530273,19,12,13,A-2-6,508,2.694000005722046,1634.04,17,60.676,695.765,0.2809999883174896,-0.33000001311302185,0.3499999940395355,0.0000077
4,Arizona,1062,3,1,SS,Subgrade (untreated),,Coarse-Grained Soil: Clayey Gravel with Sand,267,1371.6,7,Subgrade,100,96,93.5,88.5,84.5,78,72,58,45.5,29.5,19.5,12.399999618530273,19,12,13,A-2-6,508,2.694000005722046,1634.04,17,60.676,695.765,0.2809999883174896,-0.33000001311302185,0.3499999940395355,0.0000077
4,Arizona,1062,4,1,SS,Subgrade (untreated),,Coarse-Grained Soil: Clayey Gravel with Sand,267,1371.6,7,Subgrade,100,96,93.5,88.5,84.5,78,72,58,45.5,29.5,19.5,12.399999618530273,19,12,13,A-2-6,508,2.694000005722046,1634.04,17,60.676,695.765,0.2809999883174896,-0.33000001311302185,0.3499999940395355,0.0000077
4,Arizona,1062,5,1,SS,Subgrade (untreated),,Coarse-Grained Soil: Clayey Gravel with Sand,267,1371.6,7,Subgrade,100,96,93.5,88.5,84.5,78,72,58,45.5,29.5,19.5,12.399999618530273,19,12,13,A-2-6,508,2.694000005722046,1634.04,17,60.676,695.765,0.2809999883174896,-0.33000001311302185,0.3499999940395355,0.0000077
4,Arizona,1062,6,1,SS,Subgrade (untreated),,Coarse-Grained Soil: Clayey Gravel with Sand,267,1371.6,7,Subgrade,100,96,93.5,88.5,84.5,78,72,58,45.5,29.5,19.5,12.399999618530273,19,12,13,A-2-6,508,2.694000005722046,1634.04,17,60.676,695.765,0.2809999883174896,-0.33000001311302185,0.3499999940395355,0.0000077
4,Arizona,1062,7,1,SS,Subgrade (untreated),,Coarse-Grained Soil: Clayey Gravel with Sand,267,1371.6,7,Subgrade,100,96,93.5,88.5,84.5,78,72,58,45.5,29.5,19.5,12.399999618530273,19,12,13,A-2-6,508,2.694000005722046,1634.04,17,60.676,695.765,0.2809999883174896,-0.33000001311302185,0.3499999940395355,0.0000077
4,Arizona,1065,1,1,SS,Subgrade (untreated),,Coarse-Grained Soil: Clayey Gravel with Sand,267,,7,Subgrade,,,,,,,,,,,,,,,,,,,,,,,,,,
4,Arizona,1065,2,1,SS,Subgrade (untreated),,Coarse-Grained Soil: Clayey Gravel with Sand,267,,7,Subgrade,,,,,,,,,,,,,,,,,,,,,,,,,,
4,Arizona,1065,3,1,SS,Subgrade (untreated),,Coarse-Grained Soil: Clayey Gravel with Sand,267,,7,Subgrade,,,,,,,,,,,,,,,,,,,,,,,,,,
4,Arizona,1065,4,1,SS,Subgrade (untreated),,Coarse-Grained Soil: Clayey Gravel with Sand,267,,7,Subgrade,,,,,,,,,,,,,,,,,,,,,,,,,,
4,Arizona,1065,5,1,SS,Subgrade (untreated),,Coarse-Grained Soil: Clayey Gravel with Sand,267,,7,Subgrade,,,,,,,,,,,,,,,,,,,,,,,,,,
4,Arizona,1065,6,1,SS,Subgrade (untreated),,Coarse-Grained Soil: Clayey Gravel with Sand,267,,7,Subgrade,,,,,,,,,,,,,,,,,,,,,,,,,,
4,Arizona,6053,1,1,SS,Subgrade (untreated),,Coarse-Grained Soil: Silty Sand with Gravel,215,,7,Subgrade,,,,,,,,,,,,,,,,,,,,,,,,,,
4,Arizona,6053,1,2,GB,Unbound (granular) base,,Soil-Aggregate Mixture (Predominantly Coarse-Grained),308,289.56,5,Base Layer,100,100,98.5,98,98,95.5,94,83.5,58.5,34,22.5,15.399999618530273,10,7,6,A-1-b,503,2.7070000171661377,2178.72,7,77.914,832.462,0.6579999923706055,-0.3499999940395355,0.3499999940395355,0.002303
4,Arizona,6053,2,1,SS,Subgrade (untreated),,Coarse-Grained Soil: Silty Sand with Gravel,215,,7,Subgrade,,,,,,,,,,,,,,,,,,,,,,,,,,
4,Arizona,6053,2,2,GB,Unbound (granular) base,,Soil-Aggregate Mixture (Predominantly Coarse-Grained),308,289.56,5,Base Layer,100,100,98.5,98,98,95.5,94,83.5,58.5,34,22.5,15.399999618530273,10,7,6,A-1-b,503,2.7070000171661377,2178.72,7,77.914,832.462,0.6579999923706055,-0.3499999940395355,0.3499999940395355,0.002303
4,Arizona,6054,1,1,SS,Subgrade (untreated),,Coarse-Grained Soil: Silty Sand with Gravel,215,,7,Subgrade,,,,,,,,,,,,,,,,,,,,,,,,,,
4,Arizona,6054,1,2,GB,Unbound (granular) base,,Soil-Aggregate Mixture (Predominantly Coarse-Grained),308,797.56,5,Base Layer,100,100,100,100,99,96,94,86.5,73.5,38.5,17.5,11.199999809265137,0,0,,A-1-b,503,2.7070000171661377,2034.54,9,39.991,491.992,0.5830000042915344,-0.19200000166893005,0.3499999940395355,0.002303
4,Arizona,6054,2,1,SS,Subgrade (untreated),,Coarse-Grained Soil: Silty Sand with Gravel,215,,7,Subgrade,,,,,,,,,,,,,,,,,,,,,,,,,,
4,Arizona,6054,2,2,GB,Unbound (granular) base,,Soil-Aggregate Mixture (Predominantly Coarse-Grained),308,797.56,5,Base Layer,100,100,100,100,99,96,94,86.5,73.5,38.5,17.5,11.199999809265137,0,0,,A-1-b,503,2.7070000171661377,2034.54,9,39.991,491.992,0.5830000042915344,-0.19200000166893005,0.3499999940395355,0.002303
4,Arizona,6054,3,1,SS,Subgrade (untreated),,Coarse-Grained Soil: Silty Sand with Gravel,215,,7,Subgrade,,,,,,,,,,,,,,,,,,,,,,,,,,
4,Arizona,6054,3,2,GB,Unbound (granular) base,,Soil-Aggregate Mixture (Predominantly Coarse-Grained),308,797.56,5,Base Layer,100,100,100,100,99,96,94,86.5,73.5,38.5,17.5,11.199999809265137,0,0,,A-1-b,503,2.7070000171661377,2034.54,9,39.991,491.992,0.5830000042915344,-0.19200000166893005,0.3499999940395355,0.002303
4,Arizona,6055,1,1,SS,Subgrade (untreated),,Coarse-Grained Soil: Clayey Gravel with Sand,267,,7,Subgrade,,,,,,,,,,,,,,,,,,,,,,,,,,
4,Arizona,6055,1,2,GB,Unbound (granular) base,,Soil-Aggregate Mixture (Predominantly Coarse-Grained),308,299.72,5,Base Layer,100,100,100,99,97.5,94.5,91.5,77,46,19.5,11.5,7.599999904632568,0,0,,A-1-a,502,2.6559998989105225,2114.64,7,141.348,901.966,0.625,-0.12300000339746475,0.3499999940395355,0.05054
4,Arizona,6055,2,1,SS,Subgrade (untreated),,Coarse-Grained Soil: Clayey Gravel with Sand,267,,7,Subgrade,,,,,,,,,,,,,,,,,,,,,,,,,,
4,Arizona,6055,2,2,GB,Unbound (granular) base,,Soil-Aggregate Mixture (Predominantly Coarse-Grained),308,299.72,5,Base Layer,100,100,100,99,97.5,94.5,91.5,77,46,19.5,11.5,7.599999904632568,0,0,,A-1-a,502,2.6559998989105225,2114.64,7,141.348,901.966,0.625,-0.12300000339746475,0.3499999940395355,0.05054
4,Arizona,6055,3,1,SS,Subgrade (untreated),,Coarse-Grained Soil: Clayey Gravel with Sand,267,,7,Subgrade,,,,,,,,,,,,,,,,,,,,,,,,,,
4,Arizona,6055,3,2,GB,Unbound (granular) base,,Soil-Aggregate Mixture (Predominantly Coarse-Grained),308,299.72,5,Base Layer,100,100,100,99,97.5,94.5,91.5,77,46,19.5,11.5,7.599999904632568,0,0,,A-1-a,502,2.6559998989105225,2114.64,7,96.53,901.966,0.625,-0.12300000339746475,0.3499999940395355,0.05054
4,Arizona,6060,1,1,SS,Subgrade (untreated),,Coarse-Grained Soil: Clayey Gravel with Sand,267,,7,Subgrade,,,,,,,,,,,,,,,,,,,,,,,,,,
4,Arizona,6060,1,2,GB,Unbound (granular) base,,Soil-Aggregate Mixture (Predominantly Coarse-Grained),308,254,5,Base Layer,100,100,98,95.5,92,80.5,73.5,56,38,20,11,7.5,11,0,,A-1-a,502,2.6559998989105225,2114.64,8,96.53,901.966,0.625,-0.12300000339746475,0.3499999940395355,0.05054
4,Arizona,6060,2,1,SS,Subgrade (untreated),,Coarse-Grained Soil: Clayey Gravel with Sand,267,,7,Subgrade,,,,,,,,,,,,,,,,,,,,,,,,,,
4,Arizona,6060,2,2,GB,Unbound (granular) base,,Soil-Aggregate Mixture (Predominantly Coarse-Grained),308,254,5,Base Layer,100,100,98,95.5,92,80.5,73.5,56,38,20,11,7.5,11,0,,A-1-a,502,2.6559998989105225,2114.64,8,96.53,901.966,0.625,-0.12300000339746475,0.3499999940395355,0.05054
4,Arizona,6060,3,1,SS,Subgrade (untreated),,Coarse-Grained Soil: Clayey Gravel with Sand,267,,7,Subgrade,,,,,,,,,,,,,,,,,,,,,,,,,,
4,Arizona,6060,3,2,GB,Unbound (granular) base,,Soil-Aggregate Mixture (Predominantly Coarse-Grained),308,254,5,Base Layer,100,100,98,95.5,92,80.5,73.5,56,38,20,11,7.5,11,0,,A-1-a,502,2.6559998989105225,2114.64,8,96.53,901.966,0.625,-0.12300000339746475,0.3499999940395355,0.05054
4,Arizona,6060,4,1,SS,Subgrade (untreated),,Coarse-Grained Soil: Clayey Gravel with Sand,267,,7,Subgrade,,,,,,,,,,,,,,,,,,,,,,,,,,
4,Arizona,6060,4,2,GB,Unbound (granular) base,,Soil-Aggregate Mixture (Predominantly Coarse-Grained),308,254,5,Base Layer,100,100,98,95.5,92,80.5,73.5,56,38,20,11,7.5,11,0,,A-1-a,502,2.6559998989105225,2114.64,8,96.53,901.966,0.625,-0.12300000339746475,0.3499999940395355,0.05054
4,Arizona,6060,5,1,SS,Subgrade (untreated),,Coarse-Grained Soil: Clayey Gravel with Sand,267,,7,Subgrade,,,,,,,,,,,,,,,,,,,,,,,,,,
4,Arizona,6060,5,2,GB,Unbound (granular) base,,Soil-Aggregate Mixture (Predominantly Coarse-Grained),308,254,5,Base Layer,100,100,98,95.5,92,80.5,73.5,56,38,20,11,7.5,11,0,,A-1-a,502,2.6559998989105225,2114.64,8,96.53,901.966,0.625,-0.12300000339746475,0.3499999940395355,0.05054
13,Georgia,1001,1,1,SS,Subgrade (untreated),,Fine-Grained Soils: Sandy Silt,145,,7,Subgrade,,,,,,,,,,,,,,,,,,,,,,,,,,
13,Georgia,1001,1,2,GB,Unbound (granular) base,,Crushed Gravel,304,218.44,5,Base Layer,100,100,100,97.5,90.5,74,64.5,47.5,37.5,20.5,12,6.099999904632568,0,0,,A-1-a,502,2.635999917984009,2162.7,7,68.95,697.91,0.7929999828338623,-0.1940000057220459,0.3499999940395355,0.05054
13,Georgia,1001,2,1,SS,Subgrade (untreated),,Fine-Grained Soils: Sandy Silt,145,,7,Subgrade,,,,,,,,,,,,,,,,,,,,,,,,,,
13,Georgia,1001,2,2,GB,Unbound (granular) base,,Crushed Gravel,304,218.44,5,Base Layer,100,100,100,97.5,90.5,74,64.5,47.5,37.5,20.5,12,6.099999904632568,0,0,,A-1-a,502,2.635999917984009,2162.7,7,68.95,697.91,0.7929999828338623,-0.1940000057220459,0.3499999940395355,0.05054
13,Georgia,1004,1,1,SS,Subgrade (untreated),,Fine-Grained Soils: Sandy Lean Clay,114,,7,Subgrade,,,,,,,,,,,,,,,,,,,,,,,,,,
13,Georgia,1004,1,2,GB,Unbound (granular) base,,Soil-Aggregate Mixture (Predominantly Coarse-Grained),308,193.04,5,Base Layer,100,100,100,93,84,73,66,53,44,27,16.5,8.699999809265137,0,0,,A-1-a,502,2.6519999504089355,2178.72,6,78.603,809.083,0.7210000157356262,-0.28299999237060547,0.3499999940395355,0.05054
13,Georgia,1004,2,1,SS,Subgrade (untreated),,Fine-Grained Soils: Sandy Lean Clay,114,,7,Subgrade,,,,,,,,,,,,,,,,,,,,,,,,,,
13,Georgia,1004,2,2,GB,Unbound (granular) base,,Soil-Aggregate Mixture (Predominantly Coarse-Grained),308,193.04,5,Base Layer,100,100,100,93,84,73,66,53,44,27,16.5,8.699999809265137,0,0,,A-1-a,502,2.6519999504089355,2178.72,6,78.603,809.083,0.7210000157356262,-0.28299999237060547,0.3499999940395355,0.05054
13,Georgia,1005,1,1,SS,Subgrade (untreated),,Coarse-Grained Soil: Clayey Sand,216,,7,Subgrade,,,,,,,,,,,,,,,,,,,,,,,,,,
13,Georgia,1005,1,2,GB,Unbound (granular) base,,Soil-Aggregate Mixture (Predominantly Coarse-Grained),308,223.52,5,Base Layer,100,100,100,95,83.5,67,60,46,38.5,28.5,17.5,8.399999618530273,0,0,,A-1-a,502,2.6559998989105225,2194.74,8,75.845,700.367,0.5009999871253967,0.2709999978542328,0.3499999940395355,0.05054
13,Georgia,1005,2,1,SS,Subgrade (untreated),,Coarse-Grained Soil: Clayey Sand,216,,7,Subgrade,,,,,,,,,,,,,,,,,,,,,,,,,,
13,Georgia,1005,2,2,GB,Unbound (granular) base,,Soil-Aggregate Mixture (Predominantly Coarse-Grained),308,223.52,5,Base Layer,100,100,100,95,83.5,67,60,46,38.5,28.5,17.5,8.399999618530273,0,0,,A-1-a,502,2.6559998989105225,2194.74,8,75.845,700.367,0.5009999871253967,0.2709999978542328,0.3499999940395355,0.05054
13,Georgia,1031,1,1,SS,Subgrade (untreated),,Coarse-Grained Soil: Silty Sand,214,,7,Subgrade,,,,,,,,,,,,,,,,,,,,,,,,,,
13,Georgia,1031,1,2,GB,Unbound (granular) base,,Fine-Grained Soils,309,223.52,5,Base Layer,100,100,100,99,97.5,95.5,94.5,93.5,72,50,33,16.100000381469727,0,0,,A-2-4,506,2.7070000171661377,2226.78,6,44.128,618.424,0.7799999713897705,-0.6000000238418579,0.3499999940395355,0.0005854
13,Georgia,1031,2,1,SS,Subgrade (untreated),,Coarse-Grained Soil: Silty Sand,214,,7,Subgrade,,,,,,,,,,,,,,,,,,,,,,,,,,
13,Georgia,1031,2,2,GB,Unbound (granular) base,,Fine-Grained Soils,309,223.52,5,Base Layer,100,100,100,99,97.5,95.5,94.5,93.5,72,50,33,16.100000381469727,0,0,,A-2-4,506,2.7070000171661377,2226.78,6,44.128,618.424,0.7799999713897705,-0.6000000238418579,0.3499999940395355,0.0005854
13,Georgia,1031,3,1,SS,Subgrade (untreated),,Coarse-Grained Soil: Silty Sand,214,,7,Subgrade,,,,,,,,,,,,,,,,,,,,,,,,,,
13,Georgia,1031,3,2,GB,Unbound (granular) base,,Fine-Grained Soils,309,223.52,5,Base Layer,100,100,100,99,97.5,95.5,94.5,93.5,72,50,33,16.100000381469727,0,0,,A-2-4,506,2.7070000171661377,2226.78,6,44.128,618.424,0.7799999713897705,-0.6000000238418579,0.3499999940395355,0.0005854
13,Georgia,4092,1,1,SS,Subgrade (untreated),,Coarse-Grained Soil: Clayey Sand,216,,7,Subgrade,,,,,,,,,,,,,,,,,,,,,,,,,,
13,Georgia,4092,2,1,SS,Subgrade (untreated),,Coarse-Grained Soil: Clayey Sand,216,,7,Subgrade,,,,,,,,,,,,,,,,,,,,,,,,,,
13,Georgia,4093,1,1,SS,Subgrade (untreated),,Coarse-Grained Soil: Clayey Sand,216,,7,Subgrade,,,,,,,,,,,,,,,,,,,,,,,,,,
13,Georgia,4093,2,1,SS,Subgrade (untreated),,Coarse-Grained Soil: Clayey Sand,216,,7,Subgrade,,,,,,,,,,,,,,,,,,,,,,,,,,
13,Georgia,4096,1,1,SS,Subgrade (untreated),,Coarse-Grained Soil: Clayey Sand,216,,7,Subgrade,,,,,,,,,,,,,,,,,,,,,,,,,,
13,Georgia,4096,2,1,SS,Subgrade (untreated),,Coarse-Grained Soil: Clayey Sand,216,,7,Subgrade,,,,,,,,,,,,,,,,,,,,,,,,,,
13,Georgia,4111,1,1,SS,Subgrade (untreated),,Fine-Grained Soils: Sandy Clay,113,,7,Subgrade,,,,,,,,,,,,,,,,,,,,,,,,,,
13,Georgia,4111,1,2,GB,Unbound (granular) base,,Soil-Aggregate Mixture (Predominantly Coarse-Grained),308,208.28,5,Base Layer,100,100,100,97,84.5,77.5,70.5,56,48,29,18,8.699999809265137,0,0,,A-1-a,502,2.681999921798706,2162.7,9,79.293,838.729,0.7929999828338623,-0.38499999046325684,0.3499999940395355,0.05054
13,Georgia,4112,1,1,SS,Subgrade (untreated),,Coarse-Grained Soils: Poorly Graded Sand,202,,7,Subgrade,,,,,,,,,,,,,,,,,,,,,,,,,,
13,Georgia,4112,2,1,SS,Subgrade (untreated),,Coarse-Grained Soils: Poorly Graded Sand,202,,7,Subgrade,,,,,,,,,,,,,,,,,,,,,,,,,,
13,Georgia,4112,3,1,SS,Subgrade (untreated),,Coarse-Grained Soils: Poorly Graded Sand,202,,7,Subgrade,,,,,,,,,,,,,,,,,,,,,,,,,,
13,Georgia,4113,1,1,SS,Subgrade (untreated),,Coarse-Grained Soils: Poorly Graded Sand with Silt,204,,7,Subgrade,,,,,,,,,,,,,,,,,,,,,,,,,,
13,Georgia,4113,2,1,SS,Subgrade (untreated),,Coarse-Grained Soils: Poorly Graded Sand with Silt,204,,7,Subgrade,,,,,,,,,,,,,,,,,,,,,,,,,,
13,Georgia,4113,3,1,SS,Subgrade (untreated),,Coarse-Grained Soils: Poorly Graded Sand with Silt,204,,7,Subgrade,,,,,,,,,,,,,,,,,,,,,,,,,,
13,Georgia,4119,1,1,SS,Subgrade (untreated),,Fine-Grained Soils: Sandy Silt,145,,7,Subgrade,,,,,,,,,,,,,,,,,,,,,,,,,,
13,Georgia,4119,1,2,GS,Unbound (granular) subbase,,Soil-Aggregate Mixture (Predominantly Coarse-Grained),308,416.56,6,Subbase Layer,100,100,100,96,87.5,76.5,64,41.5,30.5,20.5,17.5,14.800000190734863,0,0,,A-1-a,502,2.9790000915527344,2467.08,6,189.613,824.947,0.699999988079071,-0.17399999499320984,0.3499999940395355,0.05054
13,Georgia,4119,2,1,SS,Subgrade (untreated),,Fine-Grained Soils: Sandy Silt,145,,7,Subgrade,,,,,,,,,,,,,,,,,,,,,,,,,,
13,Georgia,4119,2,2,GS,Unbound (granular) subbase,,Soil-Aggregate Mixture (Predominantly Coarse-Grained),308,416.56,6,Subbase Layer,100,100,100,96,87.5,76.5,64,41.5,30.5,20.5,17.5,14.800000190734863,0,0,,A-1-a,502,2.9790000915527344,2467.08,6,189.613,824.947,0.699999988079071,-0.17399999499320984,0.3499999940395355,0.05054
13,Georgia,4420,1,1,SS,Subgrade (untreated),,Coarse-Grained Soil: Silty Sand,214,,7,Subgrade,,,,,,,,,,,,,,,,,,,,,,,,,,
13,Georgia,4420,2,1,SS,Subgrade (untreated),,Coarse-Grained Soil: Silty Sand,214,,7,Subgrade,,,,,,,,,,,,,,,,,,,,,,,,,,
13,Georgia,4420,3,1,SS,Subgrade (untreated),,Coarse-Grained Soil: Silty Sand,214,,7,Subgrade,,,,,,,,,,,,,,,,,,,,,,,,,,
39,Ohio,0104,1,1,SS,Subgrade (untreated),A,Fine-Grained Soils: Silty Clay,131,,7,Subgrade,,,,,,,,,,,,,,,,,,,,,,,,,,
39,Ohio,0104,2,1,SS,Subgrade (untreated),A,Fine-Grained Soils: Silty Clay,131,,7,Subgrade,,,,,,,,,,,,,,,,,,,,,,,,,,
39,Ohio,0111,1,1,SS,Subgrade (untreated),A,Fine-Grained Soils: Silty Clay,131,,7,Subgrade,,,,,,,,,,,,,,,,,,,,,,,,,,
39,Ohio,0111,2,1,SS,Subgrade (untreated),A,Fine-Grained Soils: Silty Clay,131,,7,Subgrade,,,,,,,,,,,,,,,,,,,,,,,,,,
39,Ohio,0111,3,1,SS,Subgrade (untreated),A,Fine-Grained Soils: Silty Clay,131,,7,Subgrade,,,,,,,,,,,,,,,,,,,,,,,,,,
39,Ohio,0112,1,1,SS,Subgrade (untreated),A,Fine-Grained Soils: Silty Clay,131,,7,Subgrade,,,,,,,,,,,,,,,,,,,,,,,,,,
39,Ohio,0112,2,1,SS,Subgrade (untreated),A,Fine-Grained Soils: Silty Clay,131,,7,Subgrade,,,,,,,,,,,,,,,,,,,,,,,,,,
39,Ohio,0159,1,1,SS,Subgrade (untreated),A,Fine-Grained Soils: Silty Clay,131,,7,Subgrade,,,,,,,,,,,,,,,,,,,,,,,,,,
39,Ohio,0159,1,2,GB,Unbound (granular) base,B,Crushed Stone,303,,5,Base Layer,,,,,,,,,,,,,,,,A-1-a,502,,,,,,,,,
39,Ohio,0159,2,1,SS,Subgrade (untreated),A,Fine-Grained Soils: Silty Clay,131,,7,Subgrade,,,,,,,,,,,,,,,,,,,,,,,,,,
39,Ohio,0159,2,2,GB,Unbound (granular) base,B,Crushed Stone,303,,5,Base Layer,,,,,,,,,,,,,,,,A-1-a,502,,,,,,,,,
39,Ohio,0159,3,1,SS,Subgrade (untreated),A,Fine-Grained Soils: Silty Clay,131,,7,Subgrade,,,,,,,,,,,,,,,,,,,,,,,,,,
39,Ohio,0159,3,2,GB,Unbound (granular) base,B,Crushed Stone,303,,5,Base Layer,,,,,,,,,,,,,,,,A-1-a,502,,,,,,,,,
39,Ohio,0159,4,1,SS,Subgrade (untreated),A,Fine-Grained Soils: Silty Clay,131,,7,Subgrade,,,,,,,,,,,,,,,,,,,,,,,,,,
39,Ohio,0159,4,2,GB,Unbound (granular) base,B,Crushed Stone,303,,5,Base Layer,,,,,,,,,,,,,,,,A-1-a,502,,,,,,,,,
39,Ohio,0159,5,1,SS,Subgrade (untreated),A,Fine-Grained Soils: Silty Clay,131,,7,Subgrade,,,,,,,,,,,,,,,,,,,,,,,,,,
39,Ohio,0159,5,2,GB,Unbound (granular) base,B,Crushed Stone,303,,5,Base Layer,,,,,,,,,,,,,,,,A-1-a,502,,,,,,,,,
39,Ohio,0159,6,1,SS,Subgrade (untreated),A,Fine-Grained Soils: Silty Clay,131,,7,Subgrade,,,,,,,,,,,,,,,,,,,,,,,,,,
39,Ohio,0159,6,2,GB,Unbound (granular) base,B,Crushed Stone,303,,5,Base Layer,,,,,,,,,,,,,,,,A-1-a,502,,,,,,,,,
39,Ohio,0159,7,1,SS,Subgrade (untreated),A,Fine-Grained Soils: Silty Clay,131,,7,Subgrade,,,,,,,,,,,,,,,,,,,,,,,,,,
39,Ohio,0159,7,2,GB,Unbound (granular) base,B,Crushed Stone,303,,5,Base Layer,,,,,,,,,,,,,,,,A-1-a,502,,,,,,,,,
39,Ohio,0160,1,1,SS,Subgrade (untreated),A,Fine-Grained Soils: Silty Clay,131,,7,Subgrade,,,,,,,,,,,,,,,,,,,,,,,,,,
39,Ohio,0160,1,2,GB,Unbound (granular) base,B,Crushed Stone,303,101.6,5,Base Layer,100,100,100,90,76.30000305175781,60.70000076293945,51.29999923706055,34.29999923706055,24,15,12.699999809265137,9.699999809265137,0,0,,A-1-a,502,2.756999969482422,2178.72,8,197.197,1177.313,0.621999979019165,-0.01600000075995922,0.3499999940395355,0.023
39,Ohio,0160,2,1,SS,Subgrade (untreated),A,Fine-Grained Soils: Silty Clay,131,,7,Subgrade,,,,,,,,,,,,,,,,,,,,,,,,,,
39,Ohio,0160,2,2,GB,Unbound (granular) base,B,Crushed Stone,303,101.6,5,Base Layer,100,100,100,90,76.30000305175781,60.70000076293945,51.29999923706055,34.29999923706055,24,15,12.699999809265137,9.699999809265137,0,0,,A-1-a,502,2.756999969482422,2178.72,8,197.197,1177.313,0.621999979019165,-0.01600000075995922,0.3499999940395355,0.023
39,Ohio,0160,3,1,SS,Subgrade (untreated),A,Fine-Grained Soils: Silty Clay,131,,7,Subgrade,,,,,,,,,,,,,,,,,,,,,,,,,,
39,Ohio,0160,3,2,GB,Unbound (granular) base,B,Crushed Stone,303,101.6,5,Base Layer,100,100,100,90,76.30000305175781,60.70000076293945,51.29999923706055,34.29999923706055,24,15,12.699999809265137,9.699999809265137,0,0,,A-1-a,502,2.756999969482422,2178.72,8,197.197,1177.313,0.621999979019165,-0.01600000075995922,0.3499999940395355,0.023
39,Ohio,0901,1,1,SS,Subgrade (untreated),A,Fine-Grained Soils: Silty Clay,131,,7,Subgrade,,,,,,,,,,,,,,,,,,,,,,,,,,
39,Ohio,0901,1,2,GS,Unbound (granular) subbase,B,Fine-Grained Soils: Silty Clay,131,304.8,11,Embankment Layer,100,99.5999984741211,99.0999984741211,98,97.0999984741211,95.9000015258789,94.9000015258789,92.4000015258789,89.5999984741211,82.80000305175781,74.4000015258789,66.5,29,15,16,A-6,512,2.7269999980926514,1874.34,14,76.535,1110.241,0.3179999887943268,-1.50600004196167,0.3499999940395355,1e-7
39,Ohio,0901,1,3,GS,Unbound (granular) subbase,C,Crushed Stone,303,,6,Subbase Layer,,,,,,,,,,,,,,,,A-1-a,502,,,,,,,,,
39,Ohio,0901,2,1,SS,Subgrade (untreated),A,Fine-Grained Soils: Silty Clay,131,,7,Subgrade,,,,,,,,,,,,,,,,,,,,,,,,,,
39,Ohio,0901,2,2,GS,Unbound (granular) subbase,B,Fine-Grained Soils: Silty Clay,131,304.8,11,Embankment Layer,100,99.5999984741211,99.0999984741211,98,97.0999984741211,95.9000015258789,94.9000015258789,92.4000015258789,89.5999984741211,82.80000305175781,74.4000015258789,66.5,29,15,16,A-6,512,2.7269999980926514,1874.34,14,76.535,1110.241,0.3179999887943268,-1.50600004196167,0.3499999940395355,1e-7
39,Ohio,0901,2,3,GS,Unbound (granular) subbase,C,Crushed Stone,303,,6,Subbase Layer,,,,,,,,,,,,,,,,A-1-a,502,,,,,,,,,
39,Ohio,0901,3,1,SS,Subgrade (untreated),A,Fine-Grained Soils: Silty Clay,131,,7,Subgrade,,,,,,,,,,,,,,,,,,,,,,,,,,
39,Ohio,0901,3,2,GS,Unbound (granular) subbase,B,Fine-Grained Soils: Silty Clay,131,304.8,11,Embankment Layer,100,99.5999984741211,99.0999984741211,98,97.0999984741211,95.9000015258789,94.9000015258789,92.4000015258789,89.5999984741211,82.80000305175781,74.4000015258789,66.5,29,15,16,A-6,512,2.7269999980926514,1874.34,14,76.535,1110.241,0.3179999887943268,-1.50600004196167,0.3499999940395355,1e-7
39,Ohio,0901,3,3,GS,Unbound (granular) subbase,C,Crushed Stone,303,,6,Subbase Layer,,,,,,,,,,,,,,,,A-1-a,502,,,,,,,,,
39,Ohio,0903,1,1,SS,Subgrade (untreated),A,Fine-Grained Soils: Silty Clay,131,,7,Subgrade,,,,,,,,,,,,,,,,,,,,,,,,,,
39,Ohio,0903,1,2,GS,Unbound (granular) subbase,C,Crushed Stone,303,152.4,6,Subbase Layer,100,100,100,93,84,69,60,42,29,17,14,11,16,17,,A-1-a,502,2.7829999923706055,2226.78,8,116.526,656.181,0.3330000042915344,0.6230000257492065,0.3499999940395355,0.0225
39,Ohio,0903,2,1,SS,Subgrade (untreated),A,Fine-Grained Soils: Silty Clay,131,,7,Subgrade,,,,,,,,,,,,,,,,,,,,,,,,,,
39,Ohio,0903,2,2,GS,Unbound (granular) subbase,C,Crushed Stone,303,152.4,6,Subbase Layer,100,100,100,93,84,69,60,42,29,17,14,11,16,17,,A-1-a,502,2.7829999923706055,2226.78,8,116.526,656.181,0.3330000042915344,0.6230000257492065,0.3499999940395355,0.0225
87,Ontario,0903,1,1,SS,Subgrade (untreated),C,Coarse-Grained Soil: Silty Sand,214,,7,Subgrade,,,,,,,,,,,,,,,,,,,,,,,,,,
87,Ontario,0903,1,2,GS,Unbound (granular) subbase,E,Crushed Gravel,304,266.7,6,Subbase Layer,100,100,100,100,95.5,80.5,74.5,60,46.5,29,13.5,7,0,0,,A-1-a,502,2.7079999446868896,2226.78,7,77.914,790.095,0.6539999842643738,-0.07900000363588333,0.3499999940395355,0.05054
87,Ontario,0903,1,3,GB,Unbound (granular) base,H,Crushed Gravel,304,,5,Base Layer,,,,,,,,,,,,,,,,A-1-a,502,,,,,,,,,
87,Ontario,0903,2,1,SS,Subgrade (untreated),C,Coarse-Grained Soil: Silty Sand,214,,7,Subgrade,,,,,,,,,,,,,,,,,,,,,,,,,,
87,Ontario,0903,2,2,GS,Unbound (granular) subbase,E,Crushed Gravel,304,266.7,6,Subbase Layer,100,100,100,100,95.5,80.5,74.5,60,46.5,29,13.5,7,0,0,,A-1-a,502,2.7079999446868896,2226.78,7,77.914,790.095,0.6539999842643738,-0.07900000363588333,0.3499999940395355,0.05054
87,Ontario,0903,2,3,GB,Unbound (granular) base,H,Crushed Gravel,304,,5,Base Layer,,,,,,,,,,,,,,,,A-1-a,502,,,,,,,,,
87,Ontario,0960,1,1,SS,Subgrade (untreated),B,Coarse-Grained Soils: Poorly Graded Sand with Silt,204,,7,Subgrade,,,,,,,,,,,,,,,,,,,,,,,,,,
87,Ontario,0960,1,2,GS,Unbound (granular) subbase,D,Gravel (Uncrushed),302,50.8,6,Subbase Layer,100,100,100,100,95.5,80.5,74.5,60,46.5,29,13.5,7,0,0,,A-1-a,502,2.7139999866485596,2194.74,7,80.672,867.601,0.6729999780654907,-0.19200000166893005,0.3499999940395355,0.05054
87,Ontario,0960,1,3,GB,Unbound (granular) base,H,Crushed Gravel,304,,5,Base Layer,,,,,,,,,,,,,,,,A-1-a,502,,,,,,,,,
87,Ontario,0960,2,1,SS,Subgrade (untreated),B,Coarse-Grained Soils: Poorly Graded Sand with Silt,204,,7,Subgrade,,,,,,,,,,,,,,,,,,,,,,,,,,
87,Ontario,0960,2,2,GS,Unbound (granular) subbase,D,Gravel (Uncrushed),302,50.8,6,Subbase Layer,100,100,100,100,95.5,80.5,74.5,60,46.5,29,13.5,7,0,0,,A-1-a,502,2.7139999866485596,2194.74,7,80.672,867.601,0.6729999780654907,-0.19200000166893005,0.3499999940395355,0.05054
87,Ontario,0960,2,3,GB,Unbound (granular) base,H,Crushed Gravel,304,,5,Base Layer,,,,,,,,,,,,,,,,A-1-a,502,,,,,,,,,
87,Ontario,0960,3,1,SS,Subgrade (untreated),B,Coarse-Grained Soils: Poorly Graded Sand with Silt,204,,7,Subgrade,,,,,,,,,,,,,,,,,,,,,,,,,,
87,Ontario,0960,3,2,GS,Unbound (granular) subbase,D,Gravel (Uncrushed),302,50.8,6,Subbase Layer,100,100,100,100,95.5,80.5,74.5,60,46.5,29,13.5,7,0,0,,A-1-a,502,2.7139999866485596,2194.74,7,80.672,867.601,0.6729999780654907,-0.19200000166893005,0.3499999940395355,0.05054
87,Ontario,0960,3,3,GB,Unbound (granular) base,H,Crushed Gravel,304,,5,Base Layer,,,,,,,,,,,,,,,,A-1-a,502,,,,,,,,,
87,Ontario,0961,1,1,SS,Subgrade (untreated),C,Coarse-Grained Soil: Silty Sand,214,,7,Subgrade,,,,,,,,,,,,,,,,,,,,,,,,,,
87,Ontario,0961,1,2,GS,Unbound (granular) subbase,D,Gravel (Uncrushed),302,25.4,6,Subbase Layer,100,100,100,100,95.5,80.5,74.5,60,46.5,29,13.5,7,0,0,,A-1-a,502,2.7139999866485596,2194.74,7,80.672,867.601,0.6729999780654907,-0.19200000166893005,0.3499999940395355,0.05054
87,Ontario,0961,1,3,GB,Unbound (granular) base,H,Crushed Gravel,304,,5,Base Layer,,,,,,,,,,,,,,,,A-1-a,502,,,,,,,,,
87,Ontario,0961,2,1,SS,Subgrade (untreated),C,Coarse-Grained Soil: Silty Sand,214,,7,Subgrade,,,,,,,,,,,,,,,,,,,,,,,,,,
87,Ontario,0961,2,2,GS,Unbound (granular) subbase,D,Gravel (Uncrushed),302,25.4,6,Subbase Layer,100,100,100,100,95.5,80.5,74.5,60,46.5,29,13.5,7,0,0,,A-1-a,502,2.7139999866485596,2194.74,7,80.672,867.601,0.6729999780654907,-0.19200000166893005,0.3499999940395355,0.05054
87,Ontario,0961,2,3,GB,Unbound (granular) base,H,Crushed Gravel,304,,5,Base Layer,,,,,,,,,,,,,,,,A-1-a,502,,,,,,,,,
87,Ontario,1620,1,1,SS,Subgrade (untreated),,Fine-Grained Soils: Lean Inorganic Clay,102,,7,Subgrade,,,,,,,,,,,,,,,,,,,,,,,,,,
87,Ontario,1620,1,2,GS,Unbound (granular) subbase,,Sand,306,,6,Subbase Layer,,,,,,,,,,,,,,,,A-2-4,506,,,,,,,,,
87,Ontario,1620,1,3,GB,Unbound (granular) base,,Sand,306,144.78,5,Base Layer,100,100,99.5,99,87.5,81,75.5,70.5,62.5,40.5,25,17.5,0,0,,A-1-b,503,2.7219998836517334,2242.8,6,146.174,932.194,0.7080000042915344,-0.14000000059604645,0.3499999940395355,0.002303
87,Ontario,1620,2,1,SS,Subgrade (untreated),,Fine-Grained Soils: Lean Inorganic Clay,102,,7,Subgrade,,,,,,,,,,,,,,,,,,,,,,,,,,
87,Ontario,1620,2,2,GS,Unbound (granular) subbase,,Sand,306,,6,Subbase Layer,,,,,,,,,,,,,,,,A-2-4,506,,,,,,,,,
87,Ontario,1620,2,3,GB,Unbound (granular) base,,Sand,306,144.78,5,Base Layer,100,100,99.5,99,87.5,81,75.5,70.5,62.5,40.5,25,17.5,0,0,,A-1-b,503,2.7219998836517334,2242.8,6,93.772,932.194,0.7080000042915344,-0.14000000059604645,0.3499999940395355,0.002303
87,Ontario,1620,3,1,SS,Subgrade (untreated),,Fine-Grained Soils: Lean Inorganic Clay,102,,7,Subgrade,,,,,,,,,,,,,,,,,,,,,,,,,,
87,Ontario,1620,3,2,GS,Unbound (granular) subbase,,Sand,306,,6,Subbase Layer,,,,,,,,,,,,,,,,A-2-4,506,,,,,,,,,
87,Ontario,1620,3,3,GB,Unbound (granular) base,,Sand,306,144.78,5,Base Layer,100,100,99.5,99,87.5,81,75.5,70.5,62.5,40.5,25,17.5,0,0,,A-1-b,503,2.7219998836517334,2242.8,6,72.398,932.194,0.7080000042915344,-0.14000000059604645,0.3499999940395355,0.002303
87,Ontario,1620,4,1,SS,Subgrade (untreated),,Fine-Grained Soils: Lean Inorganic Clay,102,,7,Subgrade,,,,,,,,,,,,,,,,,,,,,,,,,,
87,Ontario,1620,4,2,GS,Unbound (granular) subbase,,Sand,306,,6,Subbase Layer,,,,,,,,,,,,,,,,A-2-4,506,,,,,,,,,
87,Ontario,1620,4,3,GB,Unbound (granular) base,,Sand,306,144.78,5,Base Layer,100,100,99.5,99,87.5,81,75.5,70.5,62.5,40.5,25,17.5,0,0,,A-1-b,503,2.7219998836517334,2242.8,6,72.398,932.194,0.7080000042915344,-0.14000000059604645,0.3499999940395355,0.002303
87,Ontario,1622,1,1,SS,Subgrade (untreated),,Fine-Grained Soils: Sandy Silt,145,,7,Subgrade,,,,,,,,,,,,,,,,,,,,,,,,,,
87,Ontario,1622,1,2,GS,Unbound (granular) subbase,,Sand,306,668.02,6,Subbase Layer,90,89,88,86.5,85.5,84,82,79.5,76,56.5,28,14.5,0,0,,A-1-b,503,2.688999891281128,1906.38,11,72.398,742.5,0.6949999928474426,-0.4180000126361847,0.3499999940395355,0.002303
87,Ontario,1622,1,3,GB,Unbound (granular) base,,Crushed Gravel,304,170.18,5,Base Layer,100,100,100,100,89,82.5,74,61,50.5,27.5,16,10.199999809265137,0,0,,A-1-b,503,2.694000005722046,2226.78,6,79.293,832.462,0.6579999923706055,-0.3499999940395355,0.3499999940395355,0.002303
87,Ontario,1622,2,1,SS,Subgrade (untreated),,Fine-Grained Soils: Sandy Silt,145,,7,Subgrade,,,,,,,,,,,,,,,,,,,,,,,,,,
87,Ontario,1622,2,2,GS,Unbound (granular) subbase,,Sand,306,668.02,6,Subbase Layer,90,89,88,86.5,85.5,84,82,79.5,76,56.5,28,14.5,0,0,,A-1-b,503,2.688999891281128,1906.38,11,72.398,742.5,0.6949999928474426,-0.4180000126361847,0.3499999940395355,0.002303
87,Ontario,1622,2,3,GB,Unbound (granular) base,,Crushed Gravel,304,170.18,5,Base Layer,100,100,100,100,89,82.5,74,61,50.5,27.5,16,10.199999809265137,0,0,,A-1-b,503,2.694000005722046,2226.78,6,79.293,832.462,0.6579999923706055,-0.3499999940395355,0.3499999940395355,0.002303
87,Ontario,1680,1,1,SS,Subgrade (untreated),,Fine-Grained Soils: Silt with Sand,143,,7,Subgrade,,,,,,,,,,,,,,,,,,,,,,,,,,
87,Ontario,1680,1,2,GS,Unbound (granular) subbase,,Sand,306,624.84,6,Subbase Layer,100,100,100,100,100,99.5,99,98.5,98.5,88.5,24.5,18.399999618530273,0,0,,A-2-4,506,2.687999963760376,1746.18,15,142.727,689.132,0.75,-0.3569999933242798,0.3499999940395355,0.0005854
87,Ontario,1680,1,3,GS,Unbound (granular) subbase,,Crushed Gravel,304,86.36,6,Subbase Layer,100,100,100,100,93,81,72,61,52,33,16,11.300000190734863,0,0,,A-1-b,503,2.7799999713897705,2210.76,6,168.928,832.462,0.6579999923706055,-0.3499999940395355,0.3499999940395355,0.002303
87,Ontario,1680,2,1,SS,Subgrade (untreated),,Fine-Grained Soils: Silt with Sand,143,,7,Subgrade,,,,,,,,,,,,,,,,,,,,,,,,,,
87,Ontario,1680,2,2,GS,Unbound (granular) subbase,,Sand,306,624.84,6,Subbase Layer,100,100,100,100,100,99.5,99,98.5,98.5,88.5,24.5,18.399999618530273,0,0,,A-2-4,506,2.687999963760376,1746.18,15,142.727,689.132,0.75,-0.3569999933242798,0.3499999940395355,0.0005854
87,Ontario,1680,2,3,GS,Unbound (granular) subbase,,Crushed Gravel,304,86.36,6,Subbase Layer,100,100,100,100,93,81,72,61,52,33,16,11.300000190734863,0,0,,A-1-b,503,2.7799999713897705,2210.76,6,168.928,832.462,0.6579999923706055,-0.3499999940395355,0.3499999940395355,0.002303
87,Ontario,1680,3,1,SS,Subgrade (untreated),,Fine-Grained Soils: Silt with Sand,143,,7,Subgrade,,,,,,,,,,,,,,,,,,,,,,,,,,
87,Ontario,1680,3,2,GS,Unbound (granular) subbase,,Sand,306,624.84,6,Subbase Layer,100,100,100,100,100,99.5,99,98.5,98.5,88.5,24.5,18.399999618530273,0,0,,A-2-4,506,2.687999963760376,1746.18,15,142.727,689.132,0.75,-0.3569999933242798,0.3499999940395355,0.0005854
87,Ontario,1680,3,3,GS,Unbound (granular) subbase,,Crushed Gravel,304,86.36,6,Subbase Layer,100,100,100,100,93,81,72,61,52,33,16,11.300000190734863,0,0,,A-1-b,503,2.7799999713897705,2210.76,6,168.928,832.462,0.6579999923706055,-0.3499999940395355,0.3499999940395355,0.002303
87,Ontario,1680,4,1,SS,Subgrade (untreated),,Fine-Grained Soils: Silt with Sand,143,,7,Subgrade,,,,,,,,,,,,,,,,,,,,,,,,,,
87,Ontario,1680,4,2,GS,Unbound (granular) subbase,,Sand,306,624.84,6,Subbase Layer,100,100,100,100,100,99.5,99,98.5,98.5,88.5,24.5,18.399999618530273,0,0,,A-2-4,506,2.687999963760376,1746.18,15,142.727,689.132,0.75,-0.3569999933242798,0.3499999940395355,0.0005854
87,Ontario,1680,4,3,GS,Unbound (granular) subbase,,Crushed Gravel,304,86.36,6,Subbase Layer,100,100,100,100,93,81,72,61,52,33,16,11.300000190734863,0,0,,A-1-b,503,2.7799999713897705,2210.76,6,168.928,832.462,0.6579999923706055,-0.3499999940395355,0.3499999940395355,0.002303
87,Ontario,1680,5,1,SS,Subgrade (untreated),,Fine-Grained Soils: Silt with Sand,143,,7,Subgrade,,,,,,,,,,,,,,,,,,,,,,,,,,
87,Ontario,1680,5,2,GS,Unbound (granular) subbase,,Sand,306,624.84,6,Subbase Layer,100,100,100,100,100,99.5,99,98.5,98.5,88.5,24.5,18.399999618530273,0,0,,A-2-4,506,2.687999963760376,1746.18,15,100.667,689.132,0.75,-0.3569999933242798,0.3499999940395355,0.0005854
87,Ontario,1680,5,3,GS,Unbound (granular) subbase,,Crushed Gravel,304,86.36,6,Subbase Layer,100,100,100,100,93,81,72,61,52,33,16,11.300000190734863,0,0,,A-1-b,503,2.7799999713897705,2210.76,6,117.215,832.462,0.6579999923706055,-0.3499999940395355,0.3499999940395355,0.002303
87,Ontario,1806,1,1,SS,Subgrade (untreated),,Fine-Grained Soils: Silt,141,,7,Subgrade,,,,,,,,,,,,,,,,,,,,,,,,,,
87,Ontario,1806,1,2,GS,Unbound (granular) subbase,,Sand,306,970.28,6,Subbase Layer,100,100,100,100,99.5,99,98,97.5,96.5,81,25,14,0,0,,A-2-4,506,2.677999973297119,1778.22,13,63.434,740.304,0.4740000069141388,-0.6430000066757202,0.3499999940395355,0.0005854
87,Ontario,1806,1,3,GB,Unbound (granular) base,,Crushed Gravel,304,180.34,5,Base Layer,100,100,100,100,94.5,78.5,68,55,46.5,28,16,11.199999809265137,0,0,,A-1-a,502,2.7209999561309814,2274.84,6,97.22,901.966,0.625,-0.12300000339746475,0.3499999940395355,0.05054
87,Ontario,1806,2,1,SS,Subgrade (untreated),,Fine-Grained Soils: Silt,141,,7,Subgrade,,,,,,,,,,,,,,,,,,,,,,,,,,
87,Ontario,1806,2,2,GS,Unbound (granular) subbase,,Sand,306,970.28,6,Subbase Layer,100,100,100,100,99.5,99,98,97.5,96.5,81,25,14,0,0,,A-2-4,506,2.677999973297119,1778.22,13,63.434,740.304,0.4740000069141388,-0.6430000066757202,0.3499999940395355,0.0005854
87,Ontario,1806,2,3,GB,Unbound (granular) base,,Crushed Gravel,304,180.34,5,Base Layer,100,100,100,100,94.5,78.5,68,55,46.5,28,16,11.199999809265137,0,0,,A-1-a,502,2.7209999561309814,2274.84,6,97.22,901.966,0.625,-0.12300000339746475,0.3499999940395355,0.05054
87,Ontario,1806,3,1,SS,Subgrade (untreated),,Fine-Grained Soils: Silt,141,,7,Subgrade,,,,,,,,,,,,,,,,,,,,,,,,,,
87,Ontario,1806,3,2,GS,Unbound (granular) subbase,,Sand,306,970.28,6,Subbase Layer,100,100,100,100,99.5,99,98,97.5,96.5,81,25,14,0,0,,A-2-4,506,2.677999973297119,1778.22,13,63.434,740.304,0.4740000069141388,-0.6430000066757202,0.3499999940395355,0.0005854
87,Ontario,1806,3,3,GB,Unbound (granular) base,,Crushed Gravel,304,180.34,5,Base Layer,100,100,100,100,94.5,78.5,68,55,46.5,28,16,11.199999809265137,0,0,,A-1-a,502,2.7209999561309814,2274.84,6,97.22,901.966,0.625,-0.12300000339746475,0.3499999940395355,0.05054
87,Ontario,1806,4,1,SS,Subgrade (untreated),,Fine-Grained Soils: Silt,141,,7,Subgrade,,,,,,,,,,,,,,,,,,,,,,,,,,
87,Ontario,1806,4,2,GS,Unbound (granular) subbase,,Sand,306,970.28,6,Subbase Layer,100,100,100,100,99.5,99,98,97.5,96.5,81,25,14,0,0,,A-2-4,506,2.677999973297119,1778.22,13,75.156,740.304,0.4740000069141388,-0.6430000066757202,0.3499999940395355,0.0005854
87,Ontario,1806,4,3,GB,Unbound (granular) base,,Crushed Gravel,304,180.34,5,Base Layer,100,100,100,100,94.5,78.5,68,55,46.5,28,16,11.199999809265137,0,0,,A-1-a,502,2.7209999561309814,2274.84,6,142.037,901.966,0.625,-0.12300000339746475,0.3499999940395355,0.05054
87,Ontario,1806,5,1,SS,Subgrade (untreated),,Fine-Grained Soils: Silt,141,,7,Subgrade,,,,,,,,,,,,,,,,,,,,,,,,,,
87,Ontario,1806,5,2,GS,Unbound (granular) subbase,,Sand,306,970.28,6,Subbase Layer,100,100,100,100,99.5,99,98,97.5,96.5,81,25,14,0,0,,A-2-4,506,2.677999973297119,1778.22,13,63.434,740.304,0.4740000069141388,-0.6430000066757202,0.3499999940395355,0.0005854
87,Ontario,1806,5,3,GB,Unbound (granular) base,,Crushed Gravel,304,180.34,5,Base Layer,100,100,100,100,94.5,78.5,68,55,46.5,28,16,11.199999809265137,0,0,,A-1-a,502,2.7209999561309814,2274.84,6,97.22,901.966,0.625,-0.12300000339746475,0.3499999940395355,0.05054