CODETYPE,CODE,DETAIL,ADDL_CODE,ADDL_CODETYPE
AC_MATERIAL_TYPE,1,New,,
AC_MATERIAL_TYPE,2,Hot Recycled,,
AC_MATERIAL_TYPE,3,Cold Recycled,,
AC_MATERIAL_TYPE,4,Other,,
ALDF_USE_RATING,1,Best: Based on WIM data that satisfies accuracy requirements for ASTM E1318-09 Type I WIM systems passing data reasonableness checks. Data include at least one of each day of the week in each month.,,
ALDF_USE_RATING,10,Agency ESAL based: No directly usable annual axle distribution. Agency ESAL estimate more reasonable than ESALs computed from annual distribution and used as basis for selecting loading distribution.,,
ALDF_USE_RATING,11,ESALCalc based: No directly usable annual axle distribution. ESALCalc estimate more reasonable than agency ESAL estimate and used as basis for selecting loading distribution.,,
ALDF_USE_RATING,12,"Quantitative acceptance: Single available annual axle distribution quantitatively screened and accepted for direct use. No better than ""Fair"" quality.",,
ALDF_USE_RATING,13,Location-based - No axle data or agency provided ESAL estimates. Loading distributions selected based on location information only.,,
ALDF_USE_RATING,2,"Better: Based on WIM data that satisfies accuracy requirements for ASTM E1318-09 Type I WIM systems passing data reasonableness checks. Data available for at least 1 year, not necessarily all months.",,
ALDF_USE_RATING,20,"Multiple years of unknown data quality, with typical distribution accepted as representative.",,
ALDF_USE_RATING,21,Multiple years of data of unknown quality. Agency ESAL estimates are consistent with ESALs computed from distribution. Typical distribution accepted for use.,,
ALDF_USE_RATING,22,Multiple years of data of unknown quality. Agency ESAL estimates are reasonable but smaller than ESALs computed from distribution. Typical distribution accepted for use.,,
ALDF_USE_RATING,23,Multiple years of data of unknown quality. Agency ESAL estimates are reasonable but larger than with ESALs computed from distribution. Distributions selected based on estimated ESALs.,,
ALDF_USE_RATING,24,Multiple years of data of unknown quality. Agency ESAL estimates are not reasonable. Distributions selected based on ESALs computed from distributions.,,
ALDF_USE_RATING,25,Multiple years of data of unknown quality. Reasonable agency ESAL estimates. ESALs computed from distributions are lower than reasonable. Axle distributions selected based on agency ESAL estimates.,,
ALDF_USE_RATING,26,Multiple years of data of unknown quality. Reasonable agency ESAL estimates. ESALs computed from distributions are higher than reasonable. Axle distributions selected based on agency ESAL estimates.,,
ALDF_USE_RATING,27,Multiple years of data of unknown quality. Agency ESAL estimates and ESALs computed from distributions are higher than reasonable. Axle distributions selected based on location.,,
ALDF_USE_RATING,3,Good: Based on WIM data collected by the equipment that does not have a calibration record. Data quality cannot be quantified. Values based on annual data summaries passing QC checks.,,
ALDF_USE_RATING,4,Fair: Based on WIM data collected by the equipment that does not have a calibration record. Data quality cannot be quantified. Values based on selected annual data summaries passing QC checks.,,
ALDF_USE_RATING,5,Default-State Pattern: Available WIM data are of unknown quality and did not pass study descriptive checks for acceptable precision and bias.,,
ALDF_USE_RATING,6,Default-PLUG Pattern: Available WIM data are of unknown quality and did not pass study descriptive checks for acceptable precision and bias. Loading pattern used to identify LTPP PLUG defaults.,,
ALDF_USE_RATING,7,Default-No Pattern PLUG: No WIM or information about loading pattern and/or weights are available. LTPP PLUG default values were assigned using information other than site-specific weight data.,,
ALDF_USE_RATING,8,Default-No Pattern State: No WIM or information about loading pattern and/or weights are available. Default values based on the data from the other WIM sites in the same state.,,
ALDF_USE_RATING,AA,Atypical Axle Type: Reported axle group is not typical for a given vehicle class. ALDF values are not recommended for development of the defaults.,,
ALDF_USE_RATING,ALC,Low Axle Count: Computed values are based on low axle count (less than 200 axles) and may not be representative of typical loading condition for a given site.,,
ALDF_USE_RATING,ALS,Small Axle Sample: Computed values are based on a low number of days with data and may not be representative of typical loading condition for a given site.,,
ALDF_USE_RATING,DEF,Vehicle class-axle combination not present in data set. Default picked using the low volume criterion for the class.,,
ALDF_USE_RATING,NA,"Not Applicable: Zero ALDF, vehicle class is not present.",,
APPROACH_LEAVE,A,Load placed on approach side of joint/crack,,
APPROACH_LEAVE,L,Load placed on the leave side of the joint/crack.,,
AXLE_GROUP,1,Single axle,,
AXLE_GROUP,2,Tandem axle,,
AXLE_GROUP,3,Tridem axle,,
AXLE_GROUP,4,Quad axle and 5+ axle groups,,
BASE_MAT,21,No Base (Pavement Placed Directly on Subgrade),,
BASE_MAT,22,Gravel (Uncrushed),,
BASE_MAT,23,"Crushed Stone, Gravel or Slag",,
BASE_MAT,24,Sand,,
BASE_MAT,25,Soil-Aggregate Mixture (Predominantly Fine-Grained Soil),,
BASE_MAT,26,Soil-Aggregate Mixture (Predominantly Coarse-Grained Soil),,
BASE_MAT,27,Soil Cement,,
BASE_MAT,28,"Dense Graded, Hot Laid, Central Plant Mix",,
BASE_MAT,29,"Dense Graded, Cold Laid, Central Plant Mix",,
BASE_MAT,30,"Dense Graded, Cold Laid, Mixed In-Place",,
BASE_MAT,31,"Open Graded, Hot Laid, Central Plant Mix",,
BASE_MAT,32,"Open Graded, Cold Laid, Central Plant Mix",,
BASE_MAT,33,"Open Graded, Cold Laid, Mixed In-Place",,
BASE_MAT,34,"Recycled Asphalt Concrete, Plant Mix, Hot Laid",,
BASE_MAT,35,"Recycled Asphalt Concrete, Plant Mix, Cold Laid",,
BASE_MAT,36,"Recycled Asphalt Concrete, Mixed In-Place",,
BASE_MAT,37,Cement-Aggregate Mixture,,
BASE_MAT,38,Lean Concrete (<3 sacks cement/cy),,
BASE_MAT,39,Recycled Portland Cement Concrete,,
BASE_MAT,40,Sand-Shell Mixture,,
BASE_MAT,41,"Limerock, Caliche (Soft Carbonate Rock)",,
BASE_MAT,42,Lime-Treated Subgrade Soil,,
BASE_MAT,43,Cement-Treated Subgrade Soil,,
BASE_MAT,44,Pozzolanic-Aggregate Mixture,,
BASE_MAT,45,Cracked and Seated PCC Layer,,
BASE_MAT,46,Sand Asphalt,,
BASE_MAT,47,"Open graded, Untreated Aggregate Drainage Layer",,
BASE_MAT,49,Other,,
CARD4INFO,2,Use 2 columns per additional volume,,
CARD4INFO,3,Use 3 columns per additional volume,,
CARD4INFO,4,Use 4 columns per additional volume,,
CARD4INFO,5,Use 5 columns per additional volume,,
CARD4INFO,I,Ignore,,
CARD4INFO,S,Stop processing,,
CARDCINFO,5,Use 5 columns per additional volume,,
CARDCINFO,I,Ignore,,
CARDCINFO,S,Stop processing,,
DATA_AVAILABILITY,0,"Data collected on a different roadway that the LTPP site, including system level estimates",,
DATA_AVAILABILITY,1,Limited data for either vehicle classification or truck weights,,
DATA_AVAILABILITY,2,Vehicle classification and WIM data with some measure of seasonality,,
DATA_AVAILABILITY,3,Continuous ATR volume station and a measurement of truck assembly seasonality,,
DATA_AVAILABILITY,4,Continuous AVC with no WIM data,,
DATA_AVAILABILITY,5,Continuous vehicle classification with limited WIM,,
DATA_AVAILABILITY,6,Continuous vehicle classification with some seasonal WIM,,
DATA_AVAILABILITY,7,Permanent classifier operating continuously with portable WIM,,
DATA_AVAILABILITY,8,Continuous WIM that does not meet the ASTM standards,,
DATA_AVAILABILITY,9,Continuous WIM meeting the ASTM standard,,
DESCRIPTION,1,Overlay,,
DESCRIPTION,10,Surface Treatment,,
DESCRIPTION,11,Embankment Layer,,
DESCRIPTION,2,Seal Coat,,
DESCRIPTION,3,Original Surface Layer,,
DESCRIPTION,4,AC Layer Below Surface (Binder Course),,
DESCRIPTION,5,Base Layer,,
DESCRIPTION,6,Subbase Layer,,
DESCRIPTION,7,Subgrade,,
DESCRIPTION,8,Interlayer,,
DESCRIPTION,9,Friction Course,,
DEVICE_CODE_RUT,D,Dipstick,,
DEVICE_CODE_RUT,L,Laser,,
DEVICE_CODE_RUT,P,Pasco,,
DEVICE_CODE_RUT,S,Straightedge,,
DIR_TRF,1,North,,
DIR_TRF,2,NE,,
DIR_TRF,3,East,,
DIR_TRF,4,SE,,
DIR_TRF,5,South,,
DIR_TRF,6,SW,,
DIR_TRF,7,West,,
DIR_TRF,8,NW,,
DOWEL_COATING,1,Paint/Grease,,
DOWEL_COATING,2,Plastic,,
DOWEL_COATING,3,Monel,,
DOWEL_COATING,4,Stainless Steel,,
DOWEL_COATING,5,Epoxy,,
DOWEL_COATING,6,Other,,
DRAINAGE_LOCATION,1,Continuous,,
DRAINAGE_LOCATION,2,Intermittent,,
DRAINAGE_LOCATION,3,None,,
DRAINAGE_PIPE,1,Clay Tile,,
DRAINAGE_PIPE,2,Concrete Tile,,
DRAINAGE_PIPE,3,Vitrified Clay,,
DRAINAGE_PIPE,4,Perforated Plastic Bituminous Fiber,,
DRAINAGE_PIPE,5,Perforated Corrugated Metal,,
DRAINAGE_PIPE,6,Corrugated Plastic Tubing,,
DRAINAGE_PIPE,7,Drainage Mat,,
DRAINAGE_PIPE,8,Other,,
DRAINAGE_PIPE,9,None,,
DRAINAGE_TYPE,1,No subsurface drainage,,
DRAINAGE_TYPE,2,Longitudinal drains,,
DRAINAGE_TYPE,3,Transverse drains,,
DRAINAGE_TYPE,4,Drainage blanket,,
DRAINAGE_TYPE,5,Well system,,
DRAINAGE_TYPE,6,Drainage blanket with longitudinal drains,,
DRAINAGE_TYPE,7,Other,,
DROP_HEIGHT,1,"Drop height position 1, target load 27KN (6kips) - 380kpa for standard LTPP pavement surface tests.",,
DROP_HEIGHT,2,"Drop height position 2, target load 40KN (9kips) - 570kpa for standard LTPP pavement surface tests.",,
DROP_HEIGHT,3,"Drop height position 3, target load 53KN (12kips) - 750kpa for standard LTPP pavement surface tests.",,
DROP_HEIGHT,4,"Drop height position 4, target load 71KN (16kips) - 1000kpa for standard LTPP pavement surface tests.",,
EXPERIMENT,1,Asphalt Concrete on Unbound Granular Base,G,GPS_SPS
EXPERIMENT,1,"Strategic Study of Structural Factors for Flexible Pavements, new/reconstructed AC pavements",S,GPS_SPS
EXPERIMENT,10,Warm Mix Asphalt Overlay of Asphalt Pavement,S,GPS_SPS
EXPERIMENT,2,Asphalt Concrete on Bound Base,G,GPS_SPS
EXPERIMENT,2,"Strategic Study of Structural Factors for Rigid Pavements, new/reconstructed JPCC pavements",S,GPS_SPS
EXPERIMENT,3,Jointed Plain Concrete Pavement (JPCP),G,GPS_SPS
EXPERIMENT,3,Preventive Maintenance of AC Pavement,S,GPS_SPS
EXPERIMENT,4,Jointed Reinforced Concrete Pavement (JPCP),G,GPS_SPS
EXPERIMENT,4,Preventive Maintenance of Jointed Concrete Pavement,S,GPS_SPS
EXPERIMENT,5,AC Overlay of AC Pavement,S,GPS_SPS
EXPERIMENT,5,Continuously Reinforced Concrete Pavement (CRCP),G,GPS_SPS
EXPERIMENT,6,Rehabilitation of Jointed PCC Pavement,S,GPS_SPS
EXPERIMENT,6A,Existing AC Overlay on AC Pavement ,G,GPS_SPS
EXPERIMENT,6B,"AC Overlay with Conventional Asphalt Cement on AC Pavement, No Milling",G,GPS_SPS
EXPERIMENT,6C,"AC Overlay with Modified Asphalt Cement on AC Pavement, No Milling",G,GPS_SPS
EXPERIMENT,6D,"Multiple AC Overlays with Conventional Asphalt Cement on AC Pavement, No Milling",G,GPS_SPS
EXPERIMENT,6S,AC Overlay on AC Pavement with Milling and/or Fabric Pretreatment,G,GPS_SPS
EXPERIMENT,7,Bonded Concrete Overlay on Portland Cement Concrete Pavement,S,GPS_SPS
EXPERIMENT,7A,Existing AC Overlay on PCC Pavement,G,GPS_SPS
EXPERIMENT,7B,"AC Overlay with Conventional Asphalt Cement on PCC Pavement, with CPR or No Pretreatment",G,GPS_SPS
EXPERIMENT,7C,"AC Overlay with Modified Asphalt Cement on PCC Pavement, with CPR or No Pretreatment",G,GPS_SPS
EXPERIMENT,7D,"Multiple AC Overlays with Conventional Asphalt Cement on PCC Pavement, with No Pretreatment",G,GPS_SPS
EXPERIMENT,7F,"AC Overlay on PCC Pavement, with Slab Fracture Pretreatment",G,GPS_SPS
EXPERIMENT,7R,Intensive Concrete Pavement Restoration of PCC without Overlay,G,GPS_SPS
EXPERIMENT,7S,AC Overlay on PCC Pavement with Pretreatment,G,GPS_SPS
EXPERIMENT,8,Study of Environmental Effects in the Absence of Heavy Loads,S,GPS_SPS
EXPERIMENT,9,Unbonded PCC Overlay of PCC Pavement,G,GPS_SPS
EXPERIMENT,9A,Superpave Asphalt Binder Study (Project Level Designation),S,GPS_SPS
EXPERIMENT,9C,"Superpave Asphalt Binder Study, AC Overlay on CRCP)",S,GPS_SPS
EXPERIMENT,9J,"Superpave Asphalt Binder Study, AC Overlay on JCP)",S,GPS_SPS
EXPERIMENT,9N,"Superpave Asphalt Binder Study, New AC Pavement Construction)",S,GPS_SPS
EXPERIMENT,9O,"Superpave Asphalt Binder Study, AC Overlay on AC Pavement)",S,GPS_SPS
EXPERIMENT,9P,Pilot Superpave Asphalt Binder Study (Project Level Designation),S,GPS_SPS
FILTER_TYPE,1,Graded Aggregate,,
FILTER_TYPE,2,Uniformly Graded Aggregate (One Size),,
FILTER_TYPE,3,Woven Fabric,,
FILTER_TYPE,4,Non-Woven Fabric,,
FILTER_TYPE,5,Porous PCC,,
FILTER_TYPE,6,Porous Bituminous Concrete,,
FILTER_TYPE,7,Other,,
FUNC_CLASS,1,Rural Principal Arterial - Interstate,,
FUNC_CLASS,11,Urban Principal Arterial - Interstate,,
FUNC_CLASS,12,Urban Principal Arterial - Other Freeways or Expressways,,
FUNC_CLASS,14,Urban Other Principal Arterial,,
FUNC_CLASS,16,Urban Minor Arterial,,
FUNC_CLASS,17,Urban Collector,,
FUNC_CLASS,19,Urban Local,,
FUNC_CLASS,2,Rural Principal Arterial - Other,,
FUNC_CLASS,6,Rural Minor Arterial,,
FUNC_CLASS,7,Rural Major Collector,,
FUNC_CLASS,8,Rural Minor Collector,,
FUNC_CLASS,9,Rural Local Collector,,
GPS_SPS,G,General Pavement Studies,,
GPS_SPS,S,Specific Pavement Studies,,
JOINT_SEALANT,1,None,,
JOINT_SEALANT,2,Sealed w/o Providing Reservoir,,
JOINT_SEALANT,3,Saw Reservoir & seal,,
JOINT_SEALANT,4,Other,,
L05B_COMMENT_CODES,A,FWD data on section agree best with approach end sample location.,,
L05B_COMMENT_CODES,B,FWD data agree best with leave end sample location.,,
L05B_COMMENT_CODES,C,Profile and condition data agree best with approach end sample location.,,
L05B_COMMENT_CODES,D,Profile and condition data agree best with leave end sample location.,,
L05B_COMMENT_CODES,E,Gradations similar at section ends and averaged to determine material code.,,
L05B_COMMENT_CODES,F,"Gradations different at section ends, material code from approach end used.",,
L05B_COMMENT_CODES,G,"Gradations different at section ends, material code from leave end used.",,
L05B_COMMENT_CODES,H,Atterberg limits similar at both section ends and Avg to determine material code.,,
L05B_COMMENT_CODES,I,Atterberg limits different at both section ends. Material code from approach used.,,
L05B_COMMENT_CODES,J,Atterberg limits different at both section ends. Material code from leave used.,,
L05B_COMMENT_CODES,K,This layer absent at approach end.,,
L05B_COMMENT_CODES,L,This layer absent at leave end.,,
L05B_COMMENT_CODES,M,"Layer inadvertently not sampled during drill & sample, but layer does exist.",,
L05B_COMMENT_CODES,N,Info from the state DOT indicates that beginning end is more representative.,,
L05B_COMMENT_CODES,O,Info from the state DOT indicates that the leave end is more representative.,,
L05B_COMMENT_CODES,P,Material code for layer derived from lab. testing of adjacent test section.,,
L05B_COMMENT_CODES,Q,Layer thickness derived by measuring same material from adjacent test section.,,
L05B_COMMENT_CODES,R,Layer was partially removed by milling.,,
L05B_COMMENT_CODES,S,Layer was completely removed by milling.,,
L05B_COMMENT_CODES,T,Sampling only occurred at approach end.,,
L05B_COMMENT_CODES,U,Sampling only occurred at leave end.,,
L05B_COMMENT_CODES,V,No sampling at either end.,,
L05B_COMMENT_CODES,Z,Other (Enter description in COMMENT_NOTE field.),,
LANE_SPEC,C0,CRCP outer wheel path,,
LANE_SPEC,C1,CRCP middle lane at mid panel,,
LANE_SPEC,C2,CRCP lane edge at crack,,
LANE_SPEC,C3,CRCP lane edge at mid panel,,
LANE_SPEC,C4,CRCP load transfer in outer wheel path on crack approach,,
LANE_SPEC,C5,CRCP load transfer in outer wheel path on crack leave,,
LANE_SPEC,F0,Flexible pavement outer wheel path at test pit,,
LANE_SPEC,F1,Flexible pavement mid lane,,
LANE_SPEC,F3,Flexible pavement outer wheel path,,
LANE_SPEC,F4,SPS-6(0604) load transfer outer wheel path crack approach,,
LANE_SPEC,F5,SPS-6(0604) load transfer outer wheel path crack leave,,
LANE_SPEC,F9,"Flexible pavement outer wheel path, pre-SMP test outside ends of section",,
LANE_SPEC,G1,Granular base mid lane,,
LANE_SPEC,G3,Granular base outer wheel path,,
LANE_SPEC,J0,JCP outer wheel path at test pit,,
LANE_SPEC,J1,JCP middle lane at middle panel,,
LANE_SPEC,J2,JCP pavement edge at corner,,
LANE_SPEC,J3,JCP pavement edge at mid panel,,
LANE_SPEC,J4,JCP load transfer outer wheel path at joint approach,,
LANE_SPEC,J5,JCP load transfer outer wheel path at joint leave,,
LANE_SPEC,J6,JCP outer wheel path at mid panel (SPS-4),,
LANE_SPEC,J7,JCP pavement edge at corner on widen lane SPS-2 sections,,
LANE_SPEC,J8,JCP pavement edge at mid panel on widen lane SPS-2 sections,,
LANE_SPEC,J9,"JCP outer wheel path, pre-SMP test outside ends of section",,
LANE_SPEC,L1,Lean concrete has middle lane,,
LANE_SPEC,L3,Lean concrete base outer wheel path,,
LANE_SPEC,P1,Permeable asphalt base middle lane,,
LANE_SPEC,P3,Permeable asphalt base outer wheel path,,
LANE_SPEC,S1,Prepared subgrade surface middle lane,,
LANE_SPEC,S3,Prepared subgrade surface outer wheel path,,
LAYER_TYPE,AC,Asphalt concrete layer,,
LAYER_TYPE,EF,Engineering Fabric,,
LAYER_TYPE,GB,Unbound (granular) base,,
LAYER_TYPE,GS,Unbound (granular) subbase,,
LAYER_TYPE,PC,Portland cement concrete layer,,
LAYER_TYPE,RB,Rigid Layer used for backcalculation,,
LAYER_TYPE,SS,Subgrade (untreated),,
LAYER_TYPE,TB,Bound (treated) base,,
LAYER_TYPE,TS,Bound (treated) subbase,,
LOCATION_OF_LANE,1,Outside,,
LOCATION_OF_LANE,2,Inside,,
LOCATION_OF_LANE,3,Both,,
LONG_JOINT_FORMED,1,Butt,,
LONG_JOINT_FORMED,2,Keyed,,
LONG_JOINT_FORMED,3,Sawed Weakened Plane,,
LONG_JOINT_FORMED,4,Insert Weakened Plane,,
LONG_JOINT_FORMED,5,Other,,
MAINT_WORK,1,Crack Sealing,1,UNITS
MAINT_WORK,10,AC Shoulder Restoration,2,UNITS
MAINT_WORK,11,AC Shoulder Replacement,2,UNITS
MAINT_WORK,12,Grinding Surface,2,UNITS
MAINT_WORK,13,Grooving Surface,2,UNITS
MAINT_WORK,14,Pressure Grout Subsealing,3,UNITS
MAINT_WORK,15,Slab Jacking Depressions,4,UNITS
MAINT_WORK,16,Asphalt Subsealing,3,UNITS
MAINT_WORK,17,Spreading of Sand or Aggregate,2,UNITS
MAINT_WORK,18,Reconstruction (Removal and Replacement),2,UNITS
MAINT_WORK,19,Asphalt Concrete Overlay,2,UNITS
MAINT_WORK,2,Transverse Joint Sealing,1,UNITS
MAINT_WORK,20,Portland Cement Concrete Overlay,2,UNITS
MAINT_WORK,21,Mechanical Premix Patch (using motor grader and roller),2,UNITS
MAINT_WORK,22,Manual Premix Spot Patch (hand spreading and compacting with roller),2,UNITS
MAINT_WORK,23,Machine Premix Patch (placing premix with paver roller),2,UNITS
MAINT_WORK,24,"Full Depth Patch of AC Pavement (removing damaged material, repairing supporting material, and repairing)",2,UNITS
MAINT_WORK,25,"Patch Pot Holes - Hand Spread, Compacted with Truck",3,UNITS
MAINT_WORK,26,Skin Patching (hand tools/hot pot to apply liquid asphalt and aggregate),2,UNITS
MAINT_WORK,27,Strip Patching (using spreader and distributor to apply hot liquid asphalt and aggregate),2,UNITS
MAINT_WORK,28,"Surface Treatment, Single Layer",2,UNITS
MAINT_WORK,29,"Surface Treatment, Double Layer ",2,UNITS
MAINT_WORK,3,Lane-Shoulder Longitudinal Joint Sealing,1,UNITS
MAINT_WORK,30,"Surface Treatment, Three or More Layers",2,UNITS
MAINT_WORK,31,Aggregate Seal Coat,2,UNITS
MAINT_WORK,32,Sand Seal Coat,2,UNITS
MAINT_WORK,33,Slurry Seal Coat,2,UNITS
MAINT_WORK,34,Fog Seal Coat,2,UNITS
MAINT_WORK,35,Prime Coat,2,UNITS
MAINT_WORK,36,Tack Coat,2,UNITS
MAINT_WORK,37,Dust Layering,2,UNITS
MAINT_WORK,38,Longitudinal Subdrains,1,UNITS
MAINT_WORK,39,Transverse Subdrainage,1,UNITS
MAINT_WORK,4,Full Depth Transverse Joint Repair Patch,2,UNITS
MAINT_WORK,40,Drainage Blanket,2,UNITS
MAINT_WORK,41,Well System,,
MAINT_WORK,42,Drainage Blankets with Longitudinal Drains,,
MAINT_WORK,43,Hot-Mix Recycled Asphalt Concrete Overlay,2,UNITS
MAINT_WORK,44,Cold-Mix Recycled Asphalt Concrete Overlay,2,UNITS
MAINT_WORK,45,"Heater Scarification, Surface Recycled Asphalt Concrete",2,UNITS
MAINT_WORK,46,Fracture Treatment of PCC Pavement as Base for New AC Surface,2,UNITS
MAINT_WORK,47,Fracture Treatment of PCC Pavement as Base for New PCC Surface,2,UNITS
MAINT_WORK,48,Recycled Portland Cement Concrete Overlay,2,UNITS
MAINT_WORK,49,Pressure Relief Joints in PCC Pavements,1,UNITS
MAINT_WORK,5,Full Depth Patching of PCC Pavement Other Than at Joint,2,UNITS
MAINT_WORK,50,Joint Load Transfer Restoration in PCC Pavements,1,UNITS
MAINT_WORK,51,Mill Off AC and Overlay with AC ,2,UNITS
MAINT_WORK,52,Mill Off AC and Overlay with PCC,2,UNITS
MAINT_WORK,53,Other,,
MAINT_WORK,54,Partial depth patching of PCC pavements at joints,2,UNITS
MAINT_WORK,55,Mill Existing Pavement and Overlay with Hot-Mix Recycled AC,2,UNITS
MAINT_WORK,56,Mill Existing Pavement and Overlay with Cold-Mix Recycled AC,2,UNITS
MAINT_WORK,57,Saw and Seal,1,UNITS
MAINT_WORK,58,Mill Existing Pavement and Overlay with Warm Mix AC,2,UNITS
MAINT_WORK,59,Warm Mix AC Overlay,2,UNITS
MAINT_WORK,6,Partial Depth Patching of PCC Pavement Other Than at Joint,2,UNITS
MAINT_WORK,60,Warm Mix AC Overlay with RAP and/or RAS,2,UNITS
MAINT_WORK,61,Mill Existing Pavement and Overlay with Warm Mix Recycled AC,2,UNITS
MAINT_WORK,7,PCC Slab Replacement,2,UNITS
MAINT_WORK,8,PCC Shoulder Restoration,2,UNITS
MAINT_WORK,9,PCC Shoulder Replacement,2,UNITS
MAINT_WORK,99,Forensic Study - ,,
MATERIAL,1,"Hot Mixed, Hot Laid AC, Dense Graded",,
MATERIAL,10,"Plant Mix (Cutback Asphalt) Material, Cold Laid",,
MATERIAL,100,Fine-Grained Soils: General,,
MATERIAL,101,Fine-Grained Soils: Clay,,
MATERIAL,102,Fine-Grained Soils: Lean Inorganic Clay,,
MATERIAL,103,Fine-Grained Soils: Fat Inorganic Clay,,
MATERIAL,104,Fine-Grained Soils: Clay with Gravel,,
MATERIAL,105,Fine-Grained Soils: Lean Clay with Gravel,,
MATERIAL,106,Fine-Grained Soils: Fat Clay with Gravel,,
MATERIAL,107,Fine-Grained Soils: Clay with Sand,,
MATERIAL,108,Fine-Grained Soils: Lean Clay with Sand,,
MATERIAL,109,Fine-Grained Soils: Fat Clay with Sand,,
MATERIAL,11,Single Surface Treatment,,
MATERIAL,110,Fine-Grained Soils: Gravelly Clay,,
MATERIAL,111,Fine-Grained Soils: Gravelly Lean Clay,,
MATERIAL,112,Fine-Grained Soils: Gravelly Fat Clay,,
MATERIAL,113,Fine-Grained Soils: Sandy Clay,,
MATERIAL,114,Fine-Grained Soils: Sandy Lean Clay,,
MATERIAL,115,Fine-Grained Soils: Sandy Fat Clay,,
MATERIAL,116,Fine-Grained Soils: Gravelly Clay with Sand,,
MATERIAL,117,Fine-Grained Soils: Gravelly Lean Clay with Sand,,
MATERIAL,118,Fine-Grained Soils: Gravelly Fat Clay with Sand,,
MATERIAL,119,Fine-Grained Soils: Sandy Clay with Gravel,,
MATERIAL,12,Double Surface Treatment,,
MATERIAL,120,Fine-Grained Soils: Sandy Lean Clay with Gravel,,
MATERIAL,121,Fine-Grained Soils: Sandy Fat Clay with Gravel,,
MATERIAL,13,"Recycled AC, Hot Laid, Central Plant Mix",,
MATERIAL,131,Fine-Grained Soils: Silty Clay,,
MATERIAL,132,Fine-Grained Soils: Silty Clay with Gravel,,
MATERIAL,133,Fine-Grained Soils: Silty Clay with Sand,,
MATERIAL,134,Fine-Grained Soils: Gravelly Silty Clay,,
MATERIAL,135,Fine-Grained Soils: Sandy Silty Clay,,
MATERIAL,136,Fine-Grained Soils: Gravelly Silty Clay with Sand,,
MATERIAL,137,Fine-Grained Soils: Sandy Silty Clay with Gravel,,
MATERIAL,14,"Recycled AC, Cold Laid, Central Plant Mix",,
MATERIAL,141,Fine-Grained Soils: Silt,,
MATERIAL,142,Fine-Grained Soils: Silt with Gravel,,
MATERIAL,143,Fine-Grained Soils: Silt with Sand,,
MATERIAL,144,Fine-Grained Soils: Gravelly Silt,,
MATERIAL,145,Fine-Grained Soils: Sandy Silt,,
MATERIAL,146,Fine-Grained Soils: Gravelly Silt with Sand,,
MATERIAL,147,Fine-Grained Soils: Sandy Silt with Gravel,,
MATERIAL,148,Fine-Grained Soils: Clayey Silt,,
MATERIAL,15,"Recycled AC, Cold Laid Mixed-In-Place",,
MATERIAL,151,Fine-Grained Soils: Peat,,
MATERIAL,16,"Recycled AC, Heater Scarification/Recompaction",,
MATERIAL,160,Fine-Grained Soils: Organic Soil,,
MATERIAL,161,Fine-Grained Soils: Organic Soil with Gravel,,
MATERIAL,162,Fine-Grained Soils: Organic Soil with Sand,,
MATERIAL,163,Fine-Grained Soils: Gravelly Organic Soil,,
MATERIAL,164,Fine-Grained Soils: Sandy Organic Soil,,
MATERIAL,165,Fine-Grained Soils: Gravelly Organic Soil with Sand,,
MATERIAL,166,Fine-Grained Soils: Sandy Organic Soil with Gravel,,
MATERIAL,17,"Recycled Portland Cement Concrete, JPCP",,
MATERIAL,171,Fine-Grained Soils: Organic Clay,,
MATERIAL,172,Fine-Grained Soils: Organic Clay (OL),,
MATERIAL,173,Fine-Grained Soils: Organic Clay (OH),,
MATERIAL,176,Fine-Grained Soils: Organic Silt,,
MATERIAL,177,Fine-Grained Soils: Organic Silt (OL),,
MATERIAL,178,Fine-Grained Soils: Organic Silt (OH),,
MATERIAL,18,"Recycled Portland Cement Concrete, JRCP",,
MATERIAL,180,Treated Subgrade Soil,,
MATERIAL,181,Fine-Grained Soils: Lime-Treated Soil,,
MATERIAL,182,Fine-Grained Soils: Cement-Treated Soil,,
MATERIAL,183,Bituminous Treated Subgrade Soil,,
MATERIAL,19,"Recycled Portland Cement Concrete, CRCP",,
MATERIAL,2,"Hot Mixed, Hot Laid AC, Open Graded",,
MATERIAL,20,Other,,
MATERIAL,200,Coarse-Grained Soils: General,,
MATERIAL,201,Coarse-Grained Soils: Sand,,
MATERIAL,202,Coarse-Grained Soils: Poorly Graded Sand,,
MATERIAL,203,Coarse-Grained Soils: Poorly Graded Sand with Gravel,,
MATERIAL,204,Coarse-Grained Soils: Poorly Graded Sand with Silt,,
MATERIAL,205,Coarse-Grained Soils: Poorly Graded Sand with Silt and Gravel,,
MATERIAL,206,Coarse-Grained Soils: Poorly Graded Sand with Clay,,
MATERIAL,207,Coarse-Grained Soils: Poorly Graded Sand with Clay and Gravel,,
MATERIAL,208,Coarse-Grained Soils: Well-Graded Sand,,
MATERIAL,209,Coarse-Grained Soils: Well-Graded Sand with Gravel,,
MATERIAL,210,Coarse-Grained Soils: Well-Graded Sand with Silt,,
MATERIAL,211,Coarse-Grained Soils: Well-Graded Sand with Silt and Gravel,,
MATERIAL,212,Coarse-Grained Soils: Well-Graded Sand with Clay,,
MATERIAL,213,Coarse-Grained Soils: Well-Graded Sand with Clay and Gravel,,
MATERIAL,214,Coarse-Grained Soil: Silty Sand,,
MATERIAL,215,Coarse-Grained Soil: Silty Sand with Gravel,,
MATERIAL,216,Coarse-Grained Soil: Clayey Sand,,
MATERIAL,217,Coarse-Grained Soil: Clayey Sand with Gravel,,
MATERIAL,251,Coarse-Grained Soil: Gravel,,
MATERIAL,252,Coarse-Grained Soil: Poorly Graded Gravel,,
MATERIAL,253,Coarse-Grained Soil: Poorly Graded Gravel with Sand,,
MATERIAL,254,Coarse-Grained Soil: Poorly Graded Gravel with Silt,,
MATERIAL,255,Coarse-Grained Soil: Poorly Graded Gravel with Silt and Sand,,
MATERIAL,256,Coarse-Grained Soil: Poorly Graded Gravel with Clay,,
MATERIAL,257,Coarse-Grained Soil: Poorly Graded Gravel with Clay and Sand,,
MATERIAL,258,Coarse-Grained Soil: Well-Graded Gravel,,
MATERIAL,259,Coarse-Grained Soil: Well-Graded Gravel with Sand,,
MATERIAL,260,Coarse-Grained Soil: Well-Graded Gravel with Silt,,
MATERIAL,261,Coarse-Grained Soil: Well-Graded Gravel with Silt and Sand,,
MATERIAL,262,Coarse-Grained Soil: Well-Graded Gravel with Clay,,
MATERIAL,263,Coarse-Grained Soil: Well-Graded Gravel with Clay and Sand,,
MATERIAL,264,Coarse-Grained Soil: Silty Gravel,,
MATERIAL,265,Coarse-Grained Soil: Silty Gravel with Sand,,
MATERIAL,266,Coarse-Grained Soil: Clayey Gravel,,
MATERIAL,267,Coarse-Grained Soil: Clayey Gravel with Sand,,
MATERIAL,280,Rock and Stone,,
MATERIAL,281,Shale,,
MATERIAL,282,Rock,,
MATERIAL,283,Cobbles,,
MATERIAL,284,Boulders,,
MATERIAL,285,Claystone/Mudstone,,
MATERIAL,286,Siltstone,,
MATERIAL,287,Sandstone,,
MATERIAL,288,Slag,,
MATERIAL,289,Shale Chunk,,
MATERIAL,290,Crushed Sandstone,,
MATERIAL,291,Crushed Limestone,,
MATERIAL,292,Crushed Rock,,
MATERIAL,293,Broken Shells,,
MATERIAL,294,"Other (Specify, if Possible)",,
MATERIAL,3,Sand Asphalt,,
MATERIAL,302,Gravel (Uncrushed),,
MATERIAL,303,Crushed Stone,,
MATERIAL,304,Crushed Gravel,,
MATERIAL,305,Crushed Slag,,
MATERIAL,306,Sand,,
MATERIAL,307,Soil-Aggregate Mixture (Predominantly Fine-Grained),,
MATERIAL,308,Soil-Aggregate Mixture (Predominantly Coarse-Grained),,
MATERIAL,309,Fine-Grained Soils,,
MATERIAL,310,"Other (Specify, if Possible)",,
MATERIAL,319,HMAC,,
MATERIAL,320,Sand Asphalt,,
MATERIAL,321,Asphalt Treated Mixture,,
MATERIAL,322,"Dense Graded, Hot Laid, Central Plant Mix",,
MATERIAL,323,"Dense Graded, Cold Laid, Central Plant Mix",,
MATERIAL,324,"Dense Graded, Cold Laid, Mixed In-Place",,
MATERIAL,325,"Open Graded, Hot Laid, Central Plant Mix",,
MATERIAL,326,"Open Graded, Cold Laid, Central Plant Mix",,
MATERIAL,327,"Open Graded, Cold Laid, Mixed In-Place",,
MATERIAL,328,"Recycled Asphalt Concrete, Plant Mix, Hot Laid",,
MATERIAL,329,"Recycled Asphalt Concrete, Plant Mix, Cold Laid",,
MATERIAL,330,"Recycled Asphalt Concrete, Mixed In-Place",,
MATERIAL,331,Cement Aggregate Mixture,,
MATERIAL,332,Econocrete,,
MATERIAL,333,Cement-Treated Soil,,
MATERIAL,334,Lean Concrete,,
MATERIAL,335,Recycled Portland Cement Concrete,,
MATERIAL,336,Sand-Shell Mixture,,
MATERIAL,337,"Limerock, Caliche",,
MATERIAL,338,Lime-Treated Soil,,
MATERIAL,339,Soil Cement,,
MATERIAL,340,Pozzolanic-Aggregate Mixture,,
MATERIAL,341,Cracked and Seated PCC Layer,,
MATERIAL,350,Other,,
MATERIAL,351,"Treatment: Lime, All Classes of Quick Lime and Hydrated Lime",,
MATERIAL,352,Treatment: Lime - Flyash,,
MATERIAL,353,Treatment: Lime and Cement Flyash,,
MATERIAL,354,Treatment: Cement - Portland Cement,,
MATERIAL,355,Treatment: Bitumen - Includes All Classes of Bitumen and Asphalt Treatments,,
MATERIAL,356,Treatment: Calcium Chloride,,
MATERIAL,357,Treatment: Sodium Chloride,,
MATERIAL,358,Treatment: Other Chemical Treatment - Includes Polymer Stabilization,,
MATERIAL,360,"Treatment: Other (Specify, if Possible)",,
MATERIAL,4,Portland Cement Concrete (JPCP),,
MATERIAL,5,Portland Cement Concrete (JRCP),,
MATERIAL,6,Portland Cement Concrete (CRCP),,
MATERIAL,7,Portland Cement Concrete (Prestressed),,
MATERIAL,70,Grout,,
MATERIAL,700,Asphalt Concrete (AC),,
MATERIAL,71,Chip Seal,,
MATERIAL,72,Slurry Seal,,
MATERIAL,73,Fog Seal,,
MATERIAL,730,Portland Cement Concrete (PCC),,
MATERIAL,74,Woven Geotextile,,
MATERIAL,75,Nonwoven Geotextile,,
MATERIAL,77,Stress Absorbing Membrane Interlayer,,
MATERIAL,78,Dense Graded Asphalt Concrete Interlayer,,
MATERIAL,79,Aggregate Interlayer,,
MATERIAL,8,Portland Cement Concrete (Fiber Reinforced),,
MATERIAL,80,Open Graded Asphalt Concrete Interlayer,,
MATERIAL,81,Chip Seal with Modified Binder (Does not include Crumb Rubber),,
MATERIAL,82,Sand Seal,,
MATERIAL,83,Asphalt-Rubber Seal Coat,,
MATERIAL,84,Sand Asphalt,,
MATERIAL,85,Other,,
MATERIAL,9,"Plant Mix (Emulsified Asphalt) Material, Cold Laid",,
MATERIAL,90,Plain Portland Cement Concrete (Only Used for SPS-7 Overlays of CRCP),,
MATERIAL,91,"Warm Mix Asphalt Concrete, Dense Graded",,
MATERIAL,92,"Warm Mix Asphalt Concrete, Open Graded",,
MATERIAL,93,"Warm Mix Asphalt Concrete, Gap Graded",,
MATERIAL,999,Material Discrepancy,,
MLTD_METHOD,1,Preplaced on Baskets,,
MLTD_METHOD,2,Mechanically Installed,,
MLTD_METHOD,3,Other,,
PAVEMENT_FAMILY,ACATB,Asphalt concrete over asphalt treated base/subgrade,,
PAVEMENT_FAMILY,ACPCC,Asphalt concrete over Portland cement concrete,,
PAVEMENT_FAMILY,ACTB,Asphalt concrete over cement/lime treated base/subgrade,,
PAVEMENT_FAMILY,ACUB,Asphalt concrete over unbound base/subgrade,,
PAVEMENT_FAMILY,CRCP,Continuously reinforced concrete pavement,,
PAVEMENT_FAMILY,JPCTB,Jointed plain concrete over treated base/subgrade,,
PAVEMENT_FAMILY,JPCUB,Jointed plain concrete over unbound base/subgrade,,
PAVEMENT_FAMILY,JRCP,Jointed reinforced concrete pavement,,
PAVEMENT_FAMILY,PCPCC,Portland cement concrete layer over Portland cement concrete,,
PERFORMANCE_FLAG,A,All performance types improved despite no construction event,,
PERFORMANCE_FLAG,B,Distress definition change,,
PERFORMANCE_FLAG,C,Unexplained trend,,
REP_CODE_SOURCE_VARIABILITY,A,Measured representative property.,,
REP_CODE_SOURCE_VARIABILITY,AH,Representative property from two or more measurements with a coefficient of variation greater than a threshold that is material dependent.,,
REP_CODE_SOURCE_VARIABILITY,AL,Representative property from two or more measurements with a coefficient of variation less than or equal to a threshold that is material dependent.,,
REP_CODE_SOURCE_VARIABILITY,AS,Representative property from a single measurement.,,
REP_CODE_SOURCE_VARIABILITY,B,Representative property calculated from multiple measurements.,,
REP_CODE_SOURCE_VARIABILITY,BH,Representative property calculated from multiple measurements with a coefficient of variation greater than a threshold that is material dependent.,,
REP_CODE_SOURCE_VARIABILITY,BL,Representative property calculated from multiple measurements with a coefficient of variation of less than or equal to a threshold that is material dependent.,,
REP_CODE_SOURCE_VARIABILITY,BS,Representative property calculated from a single measurement.,,
REP_CODE_SOURCE_VARIABILITY,C,Representative property expanded from single or multiple measurement(s).,,
REP_CODE_SOURCE_VARIABILITY,CH,Representative property expanded from multiple measurements with a coefficient of variation greater than a threshold that is material dependent.,,
REP_CODE_SOURCE_VARIABILITY,CL,Representative property expanded from multiple measurements with a coefficient of variation less than or equal to a threshold that is material dependent.,,
REP_CODE_SOURCE_VARIABILITY,CS,Representative property expanded from a single measurement.,,
REP_CODE_SOURCE_VARIABILITY,D,Representative property imputed using statistical methods and models.,,
REP_CODE_SOURCE_VARIABILITY,DH,Representative property imputed using statistical methods and models based on multiple reference data with a coefficient of variation greater than a threshold that is material dependent,,
REP_CODE_SOURCE_VARIABILITY,DL,Representative property imputed using statistical methods and models based on multiple reference data with a coefficient of variation less than or equal to a threshold that is material dependent.,,
REP_CODE_SOURCE_VARIABILITY,DS,Representative property imputed using statistical methods and models based on a single reference datum.,,
REP_CODE_SOURCE_VARIABILITY,E,Representative property adopted from inventory of agency typical practices.,,
REP_CODE_SOURCE_VARIABILITY,EH,Representative property adopted from multiple agency values with a coefficient of variation greater than a threshold that is material dependent.,,
REP_CODE_SOURCE_VARIABILITY,EL,Representative property adopted from multiple agency values with a coefficient of variation less than or equal to a threshold that is material dependent.,,
REP_CODE_SOURCE_VARIABILITY,ES,Representative property adopted from a single agency value.,,
REP_CODE_SOURCE_VARIABILITY,F,Default assigned or assumed values.,,
REP_LOAD_USE_RATING,1,Best: Based on WIM data that satisfies accuracy requirements for ASTM E1318-09 Type I WIM systems passing data reasonableness checks. Data include at least one of each day of the week in each month.,,
REP_LOAD_USE_RATING,10,Estimate based on axle distributions selected using ESAL values and truck volumes as inputs,,
REP_LOAD_USE_RATING,12,Based on typical site axle distribution.,,
REP_LOAD_USE_RATING,13,Estimate based on axle distributions selected as a function of site location.,,
REP_LOAD_USE_RATING,2,"Better: Based on WIM data that satisfies accuracy requirements for ASTM E1318-09 Type I WIM systems passing data reasonableness checks. Data available for at least 1 year, not necessarily all months.",,
REP_LOAD_USE_RATING,3,Good: Based on WIM data collected by the equipment that does not have a calibration record. Data quality cannot be quantified. Values based on annual data summaries passing QC checks.,,
REP_LOAD_USE_RATING,4,Fair: Based on WIM data collected by the equipment that does not have a calibration record. Data quality cannot be quantified. Values based on selected annual data summaries passing QC checks.,,
REP_LOAD_USE_RATING,99,Linked site quality undetermined.,,
SHOULDER_RESTORE,1,AC Overlay Without Removal Of Existing AC,,
SHOULDER_RESTORE,2,Cold Milling And AC Overlay,,
SHOULDER_RESTORE,3,Complete Shoulder Removal And Replacement,,
SHOULDER_RESTORE,4,In-place Recycling And Overlay,,
SHOULDER_RESTORE,5,Other,,
SH_JOINT_FORMED,1,Butt,,
SH_JOINT_FORMED,2,Keyed,,
SH_JOINT_FORMED,3,Sawed Weakened Plane,,
SH_JOINT_FORMED,4,Insert Weakened Plane,,
SH_JOINT_FORMED,5,Tied Concrete Curb,,
SH_JOINT_FORMED,6,Other,,
SH_SURFACE_MAT,1,"Hot Mixed, Hot Laid Asphalt Concrete, Dense Graded",,
SH_SURFACE_MAT,10,"Plant Mix (Cutback Asphalt) Material, Cold Laid",,
SH_SURFACE_MAT,11,Single Surface Treatment,,
SH_SURFACE_MAT,12,Double Surface Treatment,,
SH_SURFACE_MAT,13,"Recycled Asphalt Concrete Hot, Central Plant Mix",,
SH_SURFACE_MAT,14,Recycled Asphalt Concrete Cold Laid Central Plant Mix,,
SH_SURFACE_MAT,15,Recycled Asphalt Concrete Cold Laid Mixed-In-Place,,
SH_SURFACE_MAT,16,Recycled Asphalt Concrete Heater Scarification/Recompaction,,
SH_SURFACE_MAT,17,Recycled Portland Cement Concrete JPCP,,
SH_SURFACE_MAT,18,Recycled Portland Cement Concrete JRCP,,
SH_SURFACE_MAT,19,Recycled Portland Cement Concrete CRCP,,
SH_SURFACE_MAT,2,"Hot Mixed, Hot Laid Asphalt Concrete, Open Graded (Porous Friction Course)",,
SH_SURFACE_MAT,20,Other,,
SH_SURFACE_MAT,3,Sand Asphalt,,
SH_SURFACE_MAT,31,Turf,,
SH_SURFACE_MAT,32,Granular,,
SH_SURFACE_MAT,33,Asphalt Concrete,,
SH_SURFACE_MAT,34,Concrete,,
SH_SURFACE_MAT,35,Surface Treatment,,
SH_SURFACE_MAT,4,Portland Cement Concrete (JPCP),,
SH_SURFACE_MAT,5,Portland Cement Concrete (JRCP),,
SH_SURFACE_MAT,6,Portland Cement Concrete (CRCP),,
SH_SURFACE_MAT,7,Portland Cement Concrete (Prestressed),,
SH_SURFACE_MAT,8,Portland Cement Concrete (Fiber Reinforced),,
SH_SURFACE_MAT,9,"Plant Mix (Emulsified Asphalt) Material, Cold Laid",,
SRO,O,Other - equipment with a different traffic stream,,
SRO,R,"Site related equipment, same road, different location",,
SRO,S,Site specific equipment,,
STATE_PROVINCE,1,Alabama,,
STATE_PROVINCE,10,Delaware,,
STATE_PROVINCE,11,District of Columbia,,
STATE_PROVINCE,12,Florida,,
STATE_PROVINCE,13,Georgia,,
STATE_PROVINCE,15,Hawaii,,
STATE_PROVINCE,16,Idaho,,
STATE_PROVINCE,17,Illinois,,
STATE_PROVINCE,18,Indiana,,
STATE_PROVINCE,19,Iowa,,
STATE_PROVINCE,2,Alaska,,
STATE_PROVINCE,20,Kansas,,
STATE_PROVINCE,21,Kentucky,,
STATE_PROVINCE,22,Louisiana,,
STATE_PROVINCE,23,Maine,,
STATE_PROVINCE,24,Maryland,,
STATE_PROVINCE,25,Massachusetts,,
STATE_PROVINCE,26,Michigan,,
STATE_PROVINCE,27,Minnesota,,
STATE_PROVINCE,28,Mississippi,,
STATE_PROVINCE,29,Missouri,,
STATE_PROVINCE,30,Montana,,
STATE_PROVINCE,31,Nebraska,,
STATE_PROVINCE,32,Nevada,,
STATE_PROVINCE,33,New Hampshire,,
STATE_PROVINCE,34,New Jersey,,
STATE_PROVINCE,35,New Mexico,,
STATE_PROVINCE,36,New York,,
STATE_PROVINCE,37,North Carolina,,
STATE_PROVINCE,38,North Dakota,,
STATE_PROVINCE,39,Ohio,,
STATE_PROVINCE,4,Arizona,,
STATE_PROVINCE,40,Oklahoma,,
STATE_PROVINCE,41,Oregon,,
STATE_PROVINCE,42,Pennsylvania,,
STATE_PROVINCE,44,Rhode Island,,
STATE_PROVINCE,45,South Carolina,,
STATE_PROVINCE,46,South Dakota,,
STATE_PROVINCE,47,Tennessee,,
STATE_PROVINCE,48,Texas,,
STATE_PROVINCE,49,Utah,,
STATE_PROVINCE,5,Arkansas,,
STATE_PROVINCE,50,Vermont,,
STATE_PROVINCE,51,Virginia,,
STATE_PROVINCE,53,Washington,,
STATE_PROVINCE,54,West Virginia,,
STATE_PROVINCE,55,Wisconsin,,
STATE_PROVINCE,56,Wyoming,,
STATE_PROVINCE,6,California,,
STATE_PROVINCE,60,American Samoa,,
STATE_PROVINCE,66,Guam,,
STATE_PROVINCE,67,Belgium,,
STATE_PROVINCE,68,Austria,,
STATE_PROVINCE,69,France,,
STATE_PROVINCE,70,Brazil,,
STATE_PROVINCE,71,Italy,,
STATE_PROVINCE,72,Puerto Rico,,
STATE_PROVINCE,73,Chile,,
STATE_PROVINCE,78,Virgin Islands,,
STATE_PROVINCE,8,Colorado,,
STATE_PROVINCE,81,Alberta,,
STATE_PROVINCE,82,British Columbia,,
STATE_PROVINCE,83,Manitoba,,
STATE_PROVINCE,84,New Brunswick,,
STATE_PROVINCE,85,Newfoundland,,
STATE_PROVINCE,86,Nova Scotia,,
STATE_PROVINCE,87,Ontario,,
STATE_PROVINCE,88,Prince Edward Island,,
STATE_PROVINCE,89,Quebec,,
STATE_PROVINCE,9,Connecticut,,
STATE_PROVINCE,90,Saskatchewan,,
STATE_PROVINCE,91,Australia,,
STATE_PROVINCE,92,Denmark,,
STATE_PROVINCE,93,Finland,,
STATE_PROVINCE,94,Japan,,
STATE_PROVINCE,95,Netherlands,,
STATE_PROVINCE,96,Norway,,
STATE_PROVINCE,97,Sweden,,
STATE_PROVINCE,98,United Kingdom,,
STATUS,O,Out-of-study,,
STATUS,R,Rejected,,
SUBDRAIN_PURPOSE,1,Remove Free Water,,
SUBDRAIN_PURPOSE,2,Cut-off Side Hill,,
SUBDRAIN_PURPOSE,3,Lower Water Table,,
SUBDRAIN_PURPOSE,4,Other,,
S_CLASS,501,A-1,,
S_CLASS,502,A-1-a,,
S_CLASS,503,A-1-b,,
S_CLASS,504,A-3,,
S_CLASS,505,A-2,,
S_CLASS,506,A-2-4,,
S_CLASS,507,A-2-5,,
S_CLASS,508,A-2-6,,
S_CLASS,509,A-2-7,,
S_CLASS,510,A-4,,
S_CLASS,511,A-5,,
S_CLASS,512,A-6,,
S_CLASS,513,A-7,,
S_CLASS,514,A-7-5,,
S_CLASS,515,A-7-6,,
TRANS_CONT_JLTS_RHB,1,Round dowel,,
TRANS_CONT_JLTS_RHB,2,Aggregate interlock,,
TRANS_CONT_JLTS_RHB,3,I-Beams,,
TRANS_CONT_JLTS_RHB,4,Star lugs,,
TRANS_CONT_JLTS_RHB,5,Keyways,,
TRANS_CONT_JLTS_RHB,6,Other,,
TRANS_METHOD,1,Sawed,,
TRANS_METHOD,2,Plastic insert,,
TRANS_METHOD,3,Metal insert,,
TRANS_METHOD,4,Other,,
TRANS_SEAL_TYPE,1,Preformed,,
TRANS_SEAL_TYPE,2,Asphalt,,
TRANS_SEAL_TYPE,3,Rubberized asphalt,,
TRANS_SEAL_TYPE,4,Low-modulus silicone,,
TRANS_SEAL_TYPE,5,Other,,
TRF_DATA_TYPE,0,Classification and Weight,,
TRF_DATA_TYPE,3,Volume,,
TRF_DATA_TYPE,4,Classification,,
TRF_DATA_TYPE,7,Weight,,
UNITS,1,Feet,,
UNITS,2,Square Yards,,
UNITS,3,Number of Holes,,
UNITS,4,Number of Depressions,,
VEHICLE_CLASS,1,FHWA Class 1 (Motorcycles),,
VEHICLE_CLASS,10,"FHWA Class 10 (Six or more axle, one trailer truck)",,
VEHICLE_CLASS,11,"FHWA Class 11 (Five or less axle, multi trailer truck)",,
VEHICLE_CLASS,12,"FHWA Class 12 (Six axle, multi trailer truck)",,
VEHICLE_CLASS,13,"FHWA Class 13 (Seven or more axle, multi trailer truck)",,
VEHICLE_CLASS,14,Other vehicles,,
VEHICLE_CLASS,15,Unknown,,
VEHICLE_CLASS,2,FHWA Class 2 (Cars) or Classes 1-3 combined [Traffic Sheet 5],,
VEHICLE_CLASS,3,FHWA Class 3 (Vans),,
VEHICLE_CLASS,4,FHWA Class 4 (Buses),,
VEHICLE_CLASS,5,"FHWA Class 5 (Two axle, 6-Tire, Single-unit truck)",,
VEHICLE_CLASS,6,FHWA Class 6 (Three axle Single-unit truck),,
VEHICLE_CLASS,7,FHWA Class 7 (Four or more axle Single-unit truck),,
VEHICLE_CLASS,8,"FHWA Class 8 (Four or less axle, one trailer truck)",,
VEHICLE_CLASS,9,"FHWA Class 9 (Five axle, one trailer truck)",,
VEH_CLASS_USE_RATING,1,"Best - More than 75 percent of years used are monitored vehicle class data, AND no year-to-year percentage in any class changes by more than 15 percent in the period.",,
VEH_CLASS_USE_RATING,2,"Better - More than 50 percent of years used are monitored vehicle class data, AND no year-to-year percentage change in any class > 15 percent AND no years have a large year-to-year change in AADTT.",,
VEH_CLASS_USE_RATING,3,"Good - More than 50 percent, but < 75 percent of years used are monitored vehicle class data AND no year-to-year change in any class > 15 percent in less than 3 years.",,
VEH_CLASS_USE_RATING,4,"Fair - More than 25 percent, but < 50 percent of years used are monitored vehicle class data OR at least one the year-to-year change in any truck class > 15 percent.",,
VEH_CLASS_USE_RATING,5,Poor - Less than 25 percent of the years used are monitored vehicle class data.,,
VEH_CLASS_USE_RATING,6,Bad - No monitoring data are present.,,
YES_NO,1,Yes,,
YES_NO,2,No,,
YES_NO,3,N/A,,
Y_N,N,No,,
Y_N,Y,Yes,,